Center,Patient,Axial measurement (mm),Coronal measurement (mm)
NYU,01 nii,202.7,323.9
NYU,04 nii,249.2,288.8
NYU,047 nii,226,348.9
NYU,053 nii,236.7,322.7
NYU,06 nii,256.7,322.5
NYU,07 nii,165,295.3
NYU,09 nii,181.3,294
NYU,10 nii,214.2,310.9
NYU,100 nii,238.3,377.6
NYU,104 nii,181.5,290.5
NYU,108 nii,172.6,335.9
NYU,109 nii,175.7,335
NYU,118 nii,309.1,313.6
NYU,12 nii,228.3,336.4
NYU,125 nii,191,297.1
NYU,126 nii,210.1,348.2
NYU,127 nii,235.5,375.6
NYU,128 nii,229.6,325.9
NYU,129 nii,206.6,344.9
NYU,13 nii,171.5,266.8
NYU,132 nii,199.4,291.5
NYU,133 nii,305.3,420.2
NYU,135 nii,276.7,374.8
NYU,136 nii,209.9,347.4
NYU,139 nii,247.9,338.8
NYU,140 nii,258.1,355.6
NYU,141 nii,241.2,317.9
NYU,146 nii,215.1,323.2
NYU,149 nii,242.8,349.2
NYU,15 nii,233.6,350
NYU,150 nii,241,336.9
NYU,156 nii,264.3,343
NYU,157 nii,178.8,292.3
NYU,158 nii,294.3,338.3
NYU,159 nii,265.8,352.3
NYU,16 nii,194.6,323.5
NYU,162 nii,275.2,353
NYU,166 nii,237.3,356.3
NYU,168 nii,283.5,349.8
NYU,169 nii,249.9,361.8
NYU,171 nii,211.8,336
NYU,172 nii,240.3,384.8
NYU,173 nii,263.5,381.8
NYU,18 nii,236.7,336
NYU,20 nii,162.6,300
NYU,21 nii,196.2,337
NYU,22 nii,212.1,347.8
NYU,24 nii,149.2,264.3
NYU,25 nii,275.2,350
NYU,26 nii,224.3,344.4
NYU,31 nii,196.4,307.9
NYU,35 nii,263.7,363.4
NYU,36 nii,232.9,365.5
NYU,38 nii,187.5,300.4
NYU,40 nii,264.5,316.5
NYU,45 nii,169.4,314.2
NYU,50 nii,144.1,293.8
NYU,56 nii,186.6,338.1
NYU,58 nii,358.5,368.8
NYU,60 nii,188.8,308.4
NYU,63 nii,251.7,349.8
NYU,65 nii,154.9,259.5
NYU,66 nii,201.6,320.2
NYU,72 nii,205.5,300
NYU,73 nii,233.9,343
NYU,76 nii,257.9,377.1
NYU,79 nii,218.1,349.3
NYU,81 nii,220.7,347.3
NYU,83 nii,200.4,321.5
NYU,85 nii,247.5,391.4
NYU,86 nii,189.4,323
NYU,89 nii,176.4,310.5
NYU,90 nii,217.5,319
NYU,91 nii,314.9,386.9
NYU,93 nii,237.1,322.5
NYU,94 nii,202.5,343.8
NYU,95 nii,255.3,346.7
NYU,97 nii,234.7,290.4
NYU,99 nii,172.7,302.3
Allegheny,Ahn 05,260.7,364.5
Allegheny,Ahn 58,219.5,334
Allegheny,ahn02,176.4,299.1
Allegheny,ahn09,242.7,384.5
Allegheny,ahn11,260.8,280.2
Allegheny,ahn12,257.4,359.1
Allegheny,ahn16,265.4,274.9
Allegheny,ahn19,277,321
Allegheny,ahn21,279.1,385.2
Allegheny,ahn23,260.1,446
Allegheny,ahn27,219.4,359.8
Allegheny,ahn28,182.2,309.6
Allegheny,ahn29,213.4,342.3
Allegheny,ahn30,238,337.6
Allegheny,ahn33,288.5,353.7
Allegheny,ahn35,219.2,311.1
Allegheny,ahn36,157,281.3
Allegheny,ahn37,224.1,357.8
Allegheny,ahn38,250.2,360.6
Allegheny,ahn39,255,323
Allegheny,ahn41,226.7,353.4
Allegheny,ahn44,192.5,333.3
Allegheny,ahn47,252.2,328.8
Allegheny,ahn48,180.3,290.4
Allegheny,ahn51,223.1,303.3
Allegheny,ahn54,239.6,358.6
Allegheny,ahn61,253,348.3
Allegheny,ahn64,239.7,347.2
Allegheny,ahn75,284.6,368.5
Allegheny,ahn77,248.4,320
Allegheny,ahn79,201.4,315.2
Allegheny,Ahn80,247.3,444.4
idk,Ax01,191.4,319.8
idk,Ax02,183.9,311.9
idk,Ax10,243.5,407.3
idk,Ax11,310.4,432.8
idk,Ax12,314.2,421.9
idk,Ax13,210.5,376.9
idk,Ax14,192.9,353.5
idk,Ax15,212.7,340
idk,Ax16,247.4,355.4
idk,Ax17,242.7,362.6
idk,Ax18,233.3,340.5
idk,Ax19,276.4,404.9
idk,Ax20,228,346.2
idk,Ax3,290,424
idk,Ax4,171,320
idk,Ax5,187.1,343.2
idk,Ax6,203.6,313.3
idk,Ax7,248.1,370.3
idk,Ax8,178.5,360.4
idk,Ax9,229.6,380.5
Mayo Florida CDA,Cad 014,260.6,274.4
Mayo Florida CDA,Cad 03,318,373.8
Mayo Florida CDA,Cad 102,294.1,300
Mayo Florida CDA,Cad 107,187.2,287.2
Mayo Florida CDA,Cad 110,198.6,296.5
Mayo Florida CDA,Cad 113,195.1,267
Mayo Florida CDA,Cad 119,193.7,274.2
Mayo Florida CDA,Cad 120,244.6,280
Mayo Florida CDA,Cad 127,238.7,254.4
Mayo Florida CDA,Cad 128,205.1,279.3
Mayo Florida CDA,Cad 130,185.8,268.8
Mayo Florida CDA,Cad 133,152.7,254.5
Mayo Florida CDA,Cad 134,252.6,292.1
Mayo Florida CDA,Cad 135,279.2,350.5
Mayo Florida CDA,Cad 137,219.1,240.8
Mayo Florida CDA,Cad 147,192.9,294.1
Mayo Florida CDA,Cad 162,183.5,297.9
Mayo Florida CDA,Cad 163,1.450,281.3
Mayo Florida CDA,Cad 175,207,235.3
Mayo Florida CDA,Cad 176,286.9,236.4
Mayo Florida CDA,Cad 189,208.3,280.7
Mayo Florida CDA,Cad 197,230.9,268
Mayo Florida CDA,Cad 202,270.7,278.2
Mayo Florida CDA,Cad 217,258.3,287.2
Mayo Florida CDA,Cad 245,238.5,274.6
Mayo Florida CDA,Cad 246,278.4,276.3
Mayo Florida CDA,Cad 251,227.5,294.1
Mayo Florida CDA,Cad 262,233.9,269.5
Mayo Florida CDA,Cad 28,218.4,348.2
Mayo Florida CDA,Cad 291,186.8,295.8
Mayo Florida CDA,Cad 297,215.3,270.2
Mayo Florida CDA,Cad 31,286.7,383
Mayo Florida CDA,Cad 33,214.8,318.9
Mayo Florida CDA,Cad 34,224.3,269.9
Mayo Florida CDA,Cad 36,199.5,280
Mayo Florida CDA,Cad 39,157.6,290.6
Mayo Florida CDA,Cad 40,171.8,286.4
Mayo Florida CDA,Cad 41,233.7,319.2
Mayo Florida CDA,Cad 43,233.6,279.1
Mayo Florida CDA,Cad 44,234.6,299
Mayo Florida CDA,Cad 49,262.6,348.9
Mayo Florida CDA,Cad 53,231.5,351.7
Mayo Florida CDA,Cad 55,223.4,228.9
Mayo Florida CDA,Cad 58,202.9,345.3
Mayo Florida CDA,Cad 60,236.6,320
Mayo Florida CDA,Cad 62,219.5,348.2
Mayo Florida CDA,Cad 63,222.4,370.3
Mayo Florida CDA,Cad 68,259.1,371.9
Mayo Florida CDA,Cad 81,241.6,352.9
Mayo Florida CDA,Cad 84,198.7,317.8
Mayo Florida CDA,Cad 86,199.1,310.9
Mayo Florida CDA,Cad 88,262.8,354.5
Mayo Florida CDA,Cad 93,199.1,336
Mayo Florida CDA,Cad 95,259.7,278.2
Mayo Florida CDA,Cad 96,222,310.6
Mayo Arizona,Mca 15,230.2,366.1
Mayo Arizona,Mca 17,272.7,369.9
Mayo Arizona,Mca 29,200,293.4
Mayo Arizona,mca02,219.6,348.8
Mayo Arizona,mca05,199.6,304.9
Mayo Arizona,mca10,188.4,314.7
Mayo Arizona,mca11,201.8,327.6
Mayo Arizona,mca12,190.8,293.4
Mayo Arizona,mca124,214.3,375.6
Mayo Arizona,mca126,172.3,324.5
Mayo Arizona,mca128,221.5,331.9
Mayo Arizona,mca138,244.6,336.5
Mayo Arizona,mca14,215.4,365.1
Mayo Arizona,mca140,302.8,401
Mayo Arizona,mca22,265.7,383.4
Mayo Arizona,mca24,248.2,363.9
Mayo Arizona,mca26,155.8,376.9
Mayo Arizona,mca30,324.9,401.3
Mayo Arizona,mca34,231.4,392.3
Mayo Arizona,mca38,241.5,337.3
Mayo Arizona,mca40,197.2,317
Mayo Arizona,mca45,224.7,334.1
Mayo Arizona,mca48,185.5,360.2
Mayo Arizona,mca57,193.6,333.8
Mayo Arizona,mca63,264,401.6
Mayo Arizona,mca65,160.4,307.9
Mayo Arizona,mca69,233,304
Mayo Arizona,mca75,195.9,390.2
Mayo Florida MCF,Mcf 01,222.2,328.2
Mayo Florida MCF,Mcf 04,195.2,287.1
Mayo Florida MCF,Mcf 05,187.8,291
Mayo Florida MCF,Mcf 06,236.9,290
Mayo Florida MCF,Mcf 09,208.8,393.1
Mayo Florida MCF,Mcf 10,235,286.4
Mayo Florida MCF,Mcf 11,214.8,366.1
Mayo Florida MCF,Mcf 14,260.6,376.6
Mayo Florida MCF,Mcf 15,250,288.1
Mayo Florida MCF,Mcf 16,186.5,290
Mayo Florida MCF,Mcf 18,268.9,277.6
Mayo Florida MCF,Mcf 20,212.1,270
Mayo Florida MCF,Mcf 22,251.8,376.2
Mayo Florida MCF,Mcf 24,291.3,396.7
Mayo Florida MCF,Mcf 26,225.1,349.5
Mayo Florida MCF,Mcf 27,294.1,399.7
Mayo Florida MCF,Mcf 30,179.5,228.1
Mayo Florida MCF,Mcf 31,350.7,231.2
Mayo Florida MCF,Mcf 41,213.7,287.8
Mayo Florida MCF,Mcf 42,200.4,282.5