﻿Patient,Cyto_Path,Surg_Path,Cyst Type,label,Case/Control,
AHN02,NonDiagnostic,No,BD,1,Control,
AHN05,Not performed,No,Mixed,1,Control,
AHN07,Atypical,No,BD,1,Control,No T2 Thin exclude
AHN09,Atypical,No,BD,1,Control,
AHN11,Atypical,No,BD,1,Control,
AHN12,Atypical,No,BD,1,Control,
AHN16,Normal,No,BD,0,Control,
AHN19,Not performed,No,BD,0,Control,
AHN20,NonDiagnostic,No,BD,0,Control,No T2 Thin exclude
AHN21,Not performed,IPMN-HGD,MD,2,Case,Pancreas Atrophic exclude ?
AHN23,Atypical,IPMN-LGD,BD,1,Control,
AHN27,Not performed,No,BD,0,Control,
AHN28,Atypical,No,BD,1,Control,
AHN29,Atypical,IPMN-Invasive Carcinoma,Mixed,2,Case,
AHN30,Not performed,No,BD,0,Control,
AHN33,Not performed,No,BD,0,Control,
AHN35,NonDiagnostic,IPMN-LGD,BD,1,Control,
AHN36,NonDiagnostic,No,Mixed,0,Control,
AHN38,NonDiagnostic,IPMN-Invasive Carcinoma,BD,2,Case,
AHN39,Atypical,No,BD,1,Control,Exclude poor image quality
AHN41,NonDiagnostic,IPMN-LGD,MD,0,Control,
AHN43,Atypical,IPMN-LGD,BD,1,Control,No T2 Thin exclude
AHN44,Atypical,IPMN-HGD,Mixed,2,Case,
AHN47,Not performed,IPMN-LGD,Mixed,1,Control,
AHN48,NonDiagnostic,IPMN-LGD,Mixed,1,Control,
AHN51,Atypical,IPMN-HGD,MD,2,Case,
AHN54,NonDiagnostic,IPMN-HGD,BD,2,Case,
AHN58,Not performed,No,BD,0,Control,
AHN61,NonDiagnostic,IPMN-LGD,BD,1,Control,
AHN64,Normal,IPMN-LGD,BD,1,Control,Atrophic exclude ?
AHN71,Neoplastic,IPMN-LGD,BD,1,Control,No T2 Thin exclude
AHN75,Not performed,IPMN-LGD,MD,1,Control,
AHN77,Not performed,No,BD,0,Control,
AHN79,Not performed,No,BD,0,Control,
AHN80,Atypical,IPMN-LGD,BD,1,Control,