﻿Patient,Cyto_Path,Surg_Path,Cyst Type,Case/Control,,Label
AHN02,NonDiagnostic,No,BD,Control,low quality t1,0
AHN05,Not performed,No,Mixed,Control,,0
AHN07,Atypical,No,BD,Control,No T2 Thin exclude,0
AHN09,Atypical,No,BD,Control,,0
AHN11,Atypical,No,BD,Control,,0
AHN12,Atypical,No,BD,Control,,0
AHN16,Normal,No,BD,Control,,0
AHN19,Not performed,No,BD,Control,no T1,0
AHN20,NonDiagnostic,No,BD,Control,No T2 Thin exclude,0
AHN21,Not performed,IPMN-HGD,MD,Case,Pancreas Atrophic exclude ?,2
AHN23,Atypical,IPMN-LGD,BD,Control,,1
AHN27,Not performed,No,BD,Control,,0
AHN28,Atypical,No,BD,Control,,0
AHN29,Atypical,IPMN-Invasive Carcinoma,Mixed,Case,,3
AHN30,Not performed,No,BD,Control,NO t1,0
AHN33,Not performed,No,BD,Control,,0
AHN35,NonDiagnostic,IPMN-LGD,BD,Control,NO t1,1
AHN36,NonDiagnostic,No,Mixed,Control,,0
AHN38,NonDiagnostic,IPMN-Invasive Carcinoma,BD,Case,,3
AHN39,Atypical,No,BD,Control,Exclude poor image quality,0
AHN41,NonDiagnostic,IPMN-LGD,MD,Control,,1
AHN43,Atypical,IPMN-LGD,BD,Control,No T2 Thin exclude,1
AHN44,Atypical,IPMN-HGD,Mixed,Case,,2
AHN47,Not performed,IPMN-LGD,Mixed,Control,NO T1,2
AHN48,NonDiagnostic,IPMN-LGD,Mixed,Control,,1
AHN51,Atypical,IPMN-HGD,MD,Case,NO T1,2
AHN54,NonDiagnostic,IPMN-HGD,BD,Case,,2
AHN58,Not performed,No,BD,Control,,0
AHN61,NonDiagnostic,IPMN-LGD,BD,Control,NO T1,1
AHN64,Normal,IPMN-LGD,BD,Control,Atrophic exclude ?,1
AHN71,Neoplastic,IPMN-LGD,BD,Control,No T2 Thin exclude,1
AHN75,Not performed,IPMN-LGD,MD,Control,,1
AHN77,Not performed,No,BD,Control,,0
AHN79,Not performed,No,BD,Control,,0
AHN80,Atypical,IPMN-LGD,BD,Control,,1