Center,Patient,Pancreas_volume_ml,Cyst_volume_ml,Panc_Cyst_volume_ml,Diagonal_mm,Panc_vol_to_Diagonal,Cyst_1_area_mm2,Cyst_1_major_mm,Cyst_1_minor_mm,Cyst_2_area_mm2,Cyst_2_major_mm,Cyst_2_minor_mm,Cyst_3_area_mm2,Cyst_3_major_mm,Cyst_3_minor_mm,Duct_max_mm,Loc_max,Duct_min_mm,Loc_min,_merge
NYU,89,,,,,,,,,,,,,,,2.783,2,1.801,3,right_only
Mayo Florida,26,,,,,,,,,,,,,,,11.64,1,7.314,3,right_only
Mayo Florida,27,,,,,,,,,,,,,,,3.82,3,2.264,3,right_only
Mayo Florida,28,,,,,,,,,,,,,,,2.414,2,1.701,1,right_only
Mayo Florida,30,,,,,,,,,,,,,,,10.92,3,6.501,3,right_only
Mayo Florida,38,,,,,,,,,,,,,,,9.644,3,2.537,1,right_only
Mayo Florida,41,,,,,,,,,,,,,,,2.517,1,1.157,3,right_only
Mayo Florida,42,,,,,,,,,,,,,,,3.09,3,1.89,3,right_only
Mayo Florida,3,,,,,,,,,,,,,,,2.503,3,1.109,3,right_only
Mayo Florida,4,,,,,,,,,,,,,,,2.154,3,1.288,3,right_only
Mayo Florida,5,,,,,,,,,,,,,,,4.593,3,1.842,3,right_only
Mayo Florida,6,,,,,,,,,,,,,,,3.422,3,2.811,3,right_only
Mayo Florida,12,,,,,,,,,,,,,,,2.288,3,1.998,3,right_only
Mayo Florida,14,,,,,,,,,,,,,,,2.858,3,1.95,3,right_only
Mayo Florida,15,,,,,,,,,,,,,,,2.758,1,1.456,1,right_only
Mayo Florida,16,,,,,,,,,,,,,,,2.744,1,1.638,3,right_only
Mayo Florida,18,,,,,,,,,,,,,,,2.139,1,1.855,3,right_only
Mayo Florida,20,,,,,,,,,,,,,,,19.76,1,6.04,1,right_only
Mayo Florida,24,,,,,,,,,,,,,,,2.267,3,1.184,2,right_only
Mayo Arizona,24,,,,,,,,,,,,,,,2.175,3,1.047,3,right_only
Mayo Arizona,30,,,,,,,,,,,,,,,2.333,1,1.743,2,right_only
Mayo Arizona,138,,,,,,,,,,,,,,,4.199,3,1.763,2,right_only
Mayo Arizona,5,,,,,,,,,,,,,,,2.637,3,2.063,2,right_only
Mayo Arizona,10,,,,,,,,,,,,,,,2.375,1,1.289,3,right_only
AHN,33,,,,,,,,,,,,,,,2.459,1,1.747,2,right_only
AHN,36,,,,,,,,,,,,,,,2.902,2,1.4,2,right_only
AHN,37,,,,,,,,,,,,,,,2.403,3,2.245,3,right_only
AHN,38,,,,,,,,,,,,,,,3.01,1,2.362,2,right_only
AHN,39,,,,,,,,,,,,,,,2.229,1,1.685,2,right_only
AHN,30,,,,,,,,,,,,,,,3.104,1,1.839,2,right_only
