﻿record_id,redcap_repeat_instrument,redcap_repeat_instance,notes,inclusion,case_control,dob,birth_sex,alive,date_death,date_alive,demographics_complete,date_modality,accession,modality,external_scan,available_scan,mri_protocol,mri_protocol_other,mri_brand,mri_magnet,ct_protocol,ct_slice,ct_brand,modalities_complete,cyto_path,date_cyto_path,result_cyto_path,mucin_cyto_path,ipmn_type,cyst_location,surgery,date_tissue,surg_path,no_progress_imaging,cyst_characteristics_and_followup_complete
MCA01,,,"In the setting of neoadjuvant chemo (IPMN dx before neoadjuvant chemo), path mentions neoplasm a/w IPMN",1,1,6/1/40,0,1,,5/28/21,2,,,,,,,,,,,,,,1,8/11/17,5,1,8,0,1,2/21/18,3,,2
MCA01,modalities,1,,,,,,,,,,8/3/17,IIMS17405227,2,1,1,,,,,1,5,Toshiba,2,,,,,,,,,,,
MCA02,,,"Main duct and side branches, gastric subtype  ",1,0,10/1/41,1,1,,3/2/21,2,,,,,,,,,,,,,,1,3/22/19,0,0,2,2,1,4/17/19,1,,2
MCA02,modalities,1,,,,,,,,,,3/1/19,10572889,2,0,1,,,,,1,3,Siemens,2,,,,,,,,,,,
MCA02,modalities,2,,,,,,,,,,3/11/19,10649642,1,0,1,0,,GE Medical Systems,1.5,,,,2,,,,,,,,,,,
MCA03,,,"HGD, multiple side-branch, mixed type",1,1,7/1/45,0,1,,2/17/21,2,,,,,,,,,,,,,,1,3/26/19,5,1,2,2,1,4/18/19,2,,2
MCA03,modalities,1,,,,,,,,,,12/14/18,IIMS50309621,2,1,1,,,,,0,2,Siemens,2,,,,,,,,,,,
MCA04,,,"Main duct involvement, low grade dysplasia",1,0,1/1/47,1,1,,5/28/21,2,,,,,,,,,,,,,,0,,,,2,0,1,8/1/19,1,,2
MCA04,modalities,1,,,,,,,,,,2/25/19,IIMS52431298,2,1,1,,,,,1,5,GE Medical Systems,2,,,,,,,,,,,
MCA05,,,"IPMN with focal areas of low grade dysplasia, dilation near main duct, c/f main duct location",1,0,9/1/48,0,1,,4/15/21,2,,,,,,,,,,,,,,0,,,,2,0,1,12/1/17,1,,2
MCA05,modalities,1,,,,,,,,,,10/11/17,544818204-1,2,0,1,,,,,1,0.625,GE Medical Systems,2,,,,,,,,,,,
MCA05,modalities,2,,,,,,,,,,7/25/17,544680974-1,1,0,1,0,,GE Medical Systems,1.5,,,,2,,,,,,,,,,,
MCA07,,,mucinous adenocarcinoma arising in IPMN,1,1,11/1/65,1,1,,12/6/20,2,,,,,,,,,,,,,,1,8/2/19,0,1,1,0,1,12/9/19,3,,2
MCA07,modalities,1,,,,,,,,,,6/26/19,IIMS52714238,2,1,1,,,,,1,5,Siemens,2,,,,,,,,,,,
MCA07,modalities,2,,,,,,,,,,6/27/19,IIMS52714234,1,1,1,0,,GE Medical Systems,1.5,,,,2,,,,,,,,,,,
MCA08,,,"intestinal subtype, no HGD or invasive carcinoma",1,0,12/1/52,0,1,,2/9/21,2,,,,,,,,,,,,,,1,7/16/19,3,1,2,0,1,2/6/20,0,,1
MCA08,modalities,1,,,,,,,,,,4/22/19,12027499,1,1,1,0,,GE Medical Systems,1.5,,,,2,,,,,,,,,,,
MCA08,modalities,2,,,,,,,,,,4/2/20,13657113,2,0,1,,,,,0,0.625,GE Medical Systems,2,,,,,,,,,,,
MCA09,,,"focal HGD, no invasive carcinoma",1,1,12/1/44,1,1,,12/28/20,2,,,,,,,,,,,,,,0,,,,2,1,1,7/30/18,2,,2
MCA09,modalities,1,,,,,,,,,,6/25/18,IIMS48062282,2,1,1,,,,,0,0.625,GE Medical Systems,2,,,,,,,,,,,
MCA09,modalities,2,,,,,,,,,,6/25/18,IIMS48062265,1,1,1,0,,Siemens,3,,,,2,,,,,,,,,,,
MCA10,,,"invasive ductal adenocarcinoma, mod differentiated, arising from IPMN with severe dysplasia  RECIEVED 2 MONTHS OF NEOADJUVANT CHEMO",1,1,3/1/52,1,1,,6/3/21,1,,,,,,,,,,,,,,0,,,,0,1,1,7/2/20,3,,2
MCA10,modalities,1,,,,,,,,,,1/31/20,IIMS56480279,1,1,1,0,,GE Medical Systems,3,,,,2,,,,,,,,,,,
MCA10,modalities,2,,,,,,,,,,3/2/20,IIMS56468704,2,1,1,,,,,1,3,Phillips,2,,,,,,,,,,,
MCA11,,,extensive HGD with no invasive carcinoma,1,1,12/1/63,0,1,,4/8/19,2,,,,,,,,,,,,,,0,,,,2,8,1,6/28/18,2,,2
MCA11,modalities,1,,,,,,,,,,2/22/18,IIMS34203807,1,1,1,0,,Siemens,3,,,,2,,,,,,,,,,,
MCA11,modalities,2,,,,,,,,,,3/12/18,IIMS34204103,2,1,1,,,,,0,2,Siemens,2,,,,,,,,,,,
MCA12,,,"intestinal type, negative for HGD; Had both cyto and path specimens (path from ERCP), cyto no comment on IPMN.     Possible exclusion due to outside Whipple? no path available at Mayo",1,0,3/1/39,1,1,,6/8/21,1,,,,,,,,,,,,,,1,3/27/19,0,1,1,0,1,,8,,1
MCA12,modalities,1,,,,,,,,,,1/22/19,9976597,1,0,1,0,,GE Medical Systems,1.5,,,,2,,,,,,,,,,,
MCA12,modalities,2,,,,,,,,,,3/27/19,10810848,2,0,1,,,,,2,0.6,Siemens,2,,,,,,,,,,,
MCA13,,,"side branch IPMN, internal debris, other cystic lesions in pancreatic body/head",1,1,6/1/37,1,1,,5/14/21,2,,,,,,,,,,,,,,1,4/10/18,4,8,8,2,1,5/7/18,2,,2
MCA13,modalities,1,,,,,,,,,,4/2/18,544923740-1,1,0,1,0,,GE Medical Systems,1.5,,,,2,,,,,,,,,,,
MCA13,modalities,2,,,,,,,,,,4/19/18,545054044-1,2,0,1,,,,,0,0.625,GE Medical Systems,2,,,,,,,,,,,
MCA14,,,ductal adenocarcinoma arising from IPMN with HGD,1,1,9/1/37,1,1,,6/2/21,2,,,,,,,,,,,,,,1,4/17/19,5,8,0,1,1,5/21/19,3,,2
MCA14,modalities,1,,,,,,,,,,4/2/19,10809854,1,0,1,0,,Siemens,3,,,,2,,,,,,,,,,,
MCA15,,,"gastric type IPMN, non-invasive, no HGD",1,0,11/1/69,1,1,,5/13/21,2,,,,,,,,,,,,,,1,4/8/20,3,1,1,1,1,5/8/20,1,,2
MCA15,modalities,1,,,,,,,,,,3/31/20,IIMS56019229,2,1,1,,,,,1,1.25,GE Medical Systems,2,,,,,,,,,,,
MCA15,modalities,2,,,,,,,,,,4/6/20,IIMS56019259,1,1,1,1,MR abd with and without contrast,GE Medical Systems,1.5,,,,2,,,,,,,,,,,
MCA16,,,"focal HGD, no invasive carcinoma",1,1,9/1/40,0,1,,5/28/21,2,,,,,,,,,,,,,,1,1/8/20,4,1,1,1,1,5/15/20,2,,2
MCA16,modalities,1,,,,,,,,,,12/3/19,12875844,1,0,1,0,,Siemens,3,,,,2,,,,,,,,,,,
MCA16,modalities,2,,,,,,,,,,1/22/20,13477311,2,0,1,,,,,0,0.6,Siemens,2,,,,,,,,,,,
MCA17,,,"side branch, no HGD or invasive carcinoma  CONCOMITANT NEUROENDOCRINE TUMOR ON PATH  TIMING OF IMAGING",1,0,9/1/40,0,0,12/20/17,,2,,,,,,,,,,,,,,1,6/29/17,3,1,1,0,1,11/1/17,1,,2
MCA17,modalities,1,,,,,,,,,,5/10/17,544641893-1,1,0,1,0,,GE Medical Systems,1.5,,,,2,,,,,,,,,,,
MCA18,,,adenocarcinoma arising from IPMN   Received neoadjuvant chemo  ,1,1,9/1/46,0,0,1/22/21,,2,,,,,,,,,,,,,,1,4/30/19,5,8,8,1,1,11/7/19,3,,2
MCA18,modalities,1,,,,,,,,,,4/20/19,11009432,2,0,1,,,,,1,0.625,GE Medical Systems,2,,,,,,,,,,,
MCA19,,,"Portions of HGD, from accessory pancreatic duct",1,1,11/1/52,0,1,,5/25/21,2,,,,,,,,,,,,,,1,8/19/20,4,1,1,0,1,9/11/20,2,,2
MCA19,modalities,1,,,,,,,,,,8/3/20,IIMS57608452,2,1,1,,,,,0,3,Siemens,2,,,,,,,,,,,
MCA21,,,IPMN with LGD forming dominant cystic mass with extension and involvement of peripheral branch ducts.   Last healthcare contact over 10 years ago  ,1,0,9/1/28,1,8,,,2,,,,,,,,,,,,,,0,,,,0,0,1,3/5/10,1,,2
MCA21,modalities,1,,,,,,,,,,3/3/10,542091228-1,2,0,1,,,,,0,2.5,GE Medical Systems,2,,,,,,,,,,,
MCA22,,,Cancer arising in the background of IPMN  ,1,1,8/1/35,0,0,6/1/11,,2,,,,,,,,,,,,,,0,,,,2,0,1,3/11/10,3,,2
MCA22,modalities,1,,,,,,,,,,3/4/10,542102103-1,1,0,1,0,,GE Medical Systems,1.5,,,,2,,,,,,,,,,,
MCA23,,,"IPMN with LGD, background of chronic pancreatitis  ",1,0,6/1/63,0,8,,,2,,,,,,,,,,,,,,1,10/13/10,3,1,2,0,1,11/19/10,1,,2
MCA23,modalities,1,,,,,,,,,,9/1/10,542253293-1,2,0,1,,,,,1,0.625,GE Medical Systems,2,,,,,,,,,,,
MCA24,,,"Adenocarcinoma arising in association with IPMN, focal HGD",1,1,2/1/29,0,0,1/20/11,,2,,,,,,,,,,,,,,0,,,,2,0,1,12/2/10,3,,2
MCA24,modalities,1,,,,,,,,,,11/17/10,542321165-1,2,0,1,,,,,1,3,Siemens,2,,,,,,,,,,,
MCA24,modalities,2,,,,,,,,,,11/19/20,542322648-1,1,0,1,0,,GE Medical Systems,1.5,,,,2,,,,,,,,,,,
MCA26,,,"Areas of IPMN, mild to moderate dysplasia, branch duct type",1,0,9/1/43,1,8,,,2,,,,,,,,,,,,,,1,12/27/10,2,1,1,2,1,1/7/11,1,,2
MCA26,modalities,1,,,,,,,,,,8/30/10,542203676-1,1,0,1,0,,GE Medical Systems,1.5,,,,2,,,,,,,,,,,
MCA27,,,moderate/high grade dysplasia,1,1,6/1/40,1,8,,,2,,,,,,,,,,,,,,0,,,,2,0,1,5/5/11,2,,2
MCA27,modalities,1,,,,,,,,,,3/2/11,IIMS2684908,2,1,1,,,,,1,5,Toshiba,2,,,,,,,,,,,
MCA28,,,IPMN with LGD  ,1,0,9/1/29,1,8,,,2,,,,,,,,,,,,,,0,,,,1,2,1,5/12/11,1,,2
MCA28,modalities,1,,,,,,,,,,4/14/11,542458475-2,1,0,1,0,,GE Medical Systems,1.5,,,,2,,,,,,,,,,,
MCA29,,,"multifocal main duct and side branch IPMN with focal areas of HGD, background of chronic pancreatitis and mucinous metaplasia, two foci of incidental well-differentiated endocrine tumor  ",1,1,12/1/36,0,8,,,1,,,,,,,,,,,,,,1,3/29/11,1,0,2,2,1,7/8/11,2,,2
MCA29,modalities,1,,,,,,,,,,5/26/11,542473976-1,1,0,1,0,,GE Medical Systems,1.5,,,,2,,,,,,,,,,,
MCA30,,,no evidence of HGD or invasive carcinoma,1,0,1/1/40,0,8,,,2,,,,,,,,,,,,,,1,8/18/11,0,1,2,0,1,9/13/11,0,,2
MCA30,modalities,1,,,,,,,,,,7/19/11,IIMS3059626,2,1,1,,,,,1,2.5,GE Medical Systems,2,,,,,,,,,,,
MCA30,modalities,2,,,,,,,,,,8/16/11,542556754-1,1,0,1,0,,GE Medical Systems,1.5,,,,2,,,,,,,,,,,
MCA32,,,"LGD, no HGD; PanIN II",1,0,12/1/38,0,0,2/9/18,,2,,,,,,,,,,,,,,1,2/15/11,0,1,0,0,1,10/31/11,0,,2
MCA32,modalities,1,,,,,,,,,,9/1/11,542579258-1,2,0,1,,,,,0,2,Siemens,2,,,,,,,,,,,
MCA34,,,"LGD, arising within pancreatic duct branch",1,0,1/1/47,1,8,,,2,,,,,,,,,,,,,,1,10/27/11,0,1,1,0,1,3/16/12,1,,2
MCA34,modalities,1,,,,,,,,,,8/9/11,542559471-1,1,0,1,0,,GE Medical Systems,1.5,,,,2,,,,,,,,,,,
MCA34,modalities,2,,,,,,,,,,2/16/12,542741722-1,2,0,1,,,,,0,2.5,GE Medical Systems,2,,,,,,,,,,,
MCA35,,,"Branch duct, moderate dysplasia  ",1,0,2/1/57,1,8,,,2,,,,,,,,,,,,,,0,,,,1,0,1,5/16/12,1,,2
MCA35,modalities,1,,,,,,,,,,7/27/12,IIMS3898719,1,1,1,1,MRI abdomen with and without contrast,Philips Medical Systems,1.5,,,,2,,,,,,,,,,,
MCA35,modalities,2,,,,,,,,,,3/12/12,542759746-1,2,0,1,,,,,0,2.5,GE Medical Systems,2,,,,,,,,,,,
MCA36,,,"Multifocal involving the main and branched ducts, no HGD or invasive carcinoma  ",1,0,11/1/31,0,1,,12/9/20,2,,,,,,,,,,,,,,1,10/12/11,0,8,2,0,1,6/8/12,0,,2
MCA36,modalities,1,,,,,,,,,,5/9/12,542822190-2,1,0,1,0,,GE Medical Systems,1.5,,,,2,,,,,,,,,,,
MCA37,,,Moderate/high grade dysplasia,1,1,11/1/38,0,8,,,2,,,,,,,,,,,,,,1,4/26/12,3,1,1,0,1,6/21/12,2,,2
MCA37,modalities,1,,,,,,,,,,2/17/12,542747201-1,1,0,1,0,,GE Medical Systems,1.5,,,,2,,,,,,,,,,,
MCA37,modalities,2,,,,,,,,,,4/23/12,542758727-1,2,0,1,,,,,0,2,Siemens,2,,,,,,,,,,,
MCA38,,,"moderate dysplasia, 14cm breadth, focus of severe dysplasia  ",1,1,11/1/33,0,0,11/20/19,,2,,,,,,,,,,,,,,1,6/27/12,3,1,2,1,1,9/6/12,2,,2
MCA38,modalities,1,,,,,,,,,,6/26/12,542870067-1,1,0,1,0,,GE Medical Systems,1.5,,,,2,,,,,,,,,,,
MCA40,,,Moderate dysplasia/PanIN II; Cytology with HGD,1,0,4/1/51,1,1,,5/4/21,2,,,,,,,,,,,,,,1,3/18/13,4,1,1,2,1,4/26/13,1,,2
MCA40,modalities,1,,,,,,,,,,2/12/13,IIMS4755986,1,1,1,0,,Toshiba,,,,,2,,,,,,,,,,,
MCA40,modalities,2,,,,,,,,,,4/5/13,543124634-1,2,1,1,,,,,0,3,Siemens,2,,,,,,,,,,,
MCA42,,,Intermediate grade dysplasia  ,1,0,3/1/43,1,0,10/4/17,,2,,,,,,,,,,,,,,1,10/7/13,4,1,0,1,1,11/7/13,1,,2
MCA42,modalities,1,,,,,,,,,,8/9/13,543238187-1,2,0,1,,,,,1,3.75,GE Medical Systems,2,,,,,,,,,,,
MCA42,modalities,2,,,,,,,,,,9/6/13,543267891-1,1,0,1,0,,GE Medical Systems,1.5,,,,2,,,,,,,,,,,
MCA43,,,"invasive adenocarcinoma in association with main duct IPMN with HGD. Concomitant pancreatic neuroendocrine tumor, chronic pancreatitis  ",1,1,1/1/45,1,0,11/28/16,,2,,,,,,,,,,,,,,1,5/8/14,5,1,0,1,1,12/17/14,3,,2
MCA43,modalities,1,,,,,,,,,,4/29/14,543493480-1,2,0,1,,,,,0,0.625,GE Medical Systems,2,,,,,,,,,,,
MCA44,,,"HGD. Focal PanIN2, chronic pancreatitis  ",1,1,5/1/35,1,8,,,2,,,,,,,,,,,,,,1,12/12/14,4,1,0,1,1,12/26/14,2,,2
MCA44,modalities,1,,,,,,,,,,12/2/14,543658178-1,2,0,1,,,,,0,0.7,GE Medical Systems,2,,,,,,,,,,,
MCA45,,,"Side branch IPMN, LGD. PANIN-1A, 1B",1,0,11/1/32,1,1,,6/9/21,2,,,,,,,,,,,,,,0,,,,1,0,1,3/19/14,1,,2
MCA45,modalities,1,,,,,,,,,,2/13/14,543401897-1,1,0,1,0,,GE Medical Systems,1.5,,,,2,,,,,,,,,,,
MCA46,,,"Focal HGD/CIS in pancreatic duct, lesion communicated with dilated main duct (Mixed type, main duct and side branch)  ",1,1,6/1/51,0,0,4/8/16,,2,,,,,,,,,,,,,,1,3/10/14,3,1,2,0,1,4/8/14,2,,2
MCA46,modalities,1,,,,,,,,,,3/5/14,543414450-1,1,0,1,0,,GE Medical Systems,1.5,,,,2,,,,,,,,,,,
MCA46,modalities,2,,,,,,,,,,4/2/14,543463557-1,2,0,1,,,,,1,2,Siemens,2,,,,,,,,,,,
MCA48,,,"moderate, main duct and braches, multiple foci of PanIN II  Moderate; HGD seen on Cytology in 7/3/2014  ",1,0,3/1/37,0,0,4/19/15,,2,,,,,,,,,,,,,,1,7/3/14,4,1,2,2,1,9/10/14,1,,2
MCA48,modalities,1,,,,,,,,,,5/21/14,543519727-1,1,0,1,0,,GE Medical Systems,1.5,,,,2,,,,,,,,,,,
MCA50,,,"Scattered Panin, two sidebranch IPMNs, no HGD in either  ",1,0,6/1/53,0,8,,,2,,,,,,,,,,,,,,0,,,,1,1,1,11/13/14,1,,2
MCA50,modalities,1,,,,,,,,,,8/26/14,543543590-1,2,0,1,,,,,0,0.78,GE Medical Systems,2,,,,,,,,,,,
MCA51,,,"residual IPMN with HGD, extensively involving main duct and multiple side branches, tumor in background of chronic pancreatitis  ",1,1,9/1/56,1,8,,,2,,,,,,,,,,,,,,1,6/23/15,2,8,2,1,1,9/23/15,2,,2
MCA51,modalities,1,,,,,,,,,,5/30/15,IIMS8069490,2,1,1,,,,,1,3,Siemens,2,,,,,,,,,,,
MCA51,modalities,2,,,,,,,,,,9/22/15,543929096-1,1,0,1,0,,GE Medical Systems,1.5,,,,2,,,,,,,,,,,
MCA52,,,Invasive PDAC from side branch IPMN in pancreatic tail  ,1,1,12/1/41,0,0,12/12/18,,2,,,,,,,,,,,,,,1,1/22/15,5,1,1,2,1,2/9/15,3,,2
MCA52,modalities,1,,,,,,,,,,1/15/15,543731246-1,2,0,1,,,,,0,0.73,GE Medical Systems,2,,,,,,,,,,,
MCA54,,,"low to intermediate, side branch type  ",1,0,1/1/39,1,1,,2/8/21,2,,,,,,,,,,,,,,1,3/26/15,4,1,1,0,1,4/9/15,1,,2
MCA54,modalities,1,,,,,,,,,,3/19/15,543844984-1,1,0,1,0,,GE Medical Systems,1.5,,,,2,,,,,,,,,,,
MCA55,,,Multifocal PDAC arising in the setting of IPMN with HGD  ,1,1,2/1/45,0,1,,6/22/21,2,,,,,,,,,,,,,,0,,,,1,2,1,6/10/15,3,,2
MCA55,modalities,1,,,,,,,,,,3/24/15,IIMS7555989,2,1,1,,,,,0,2.5,GE Medical Systems,2,,,,,,,,,,,
MCA55,modalities,2,,,,,,,,,,4/30/15,543846097-1,1,0,1,0,,GE Medical Systems,1.5,,,,2,,,,,,,,,,,
MCA56,,,"IPMN with HGD, ain duct and side branches  ",1,1,5/1/42,0,1,,5/21/21,2,,,,,,,,,,,,,,1,6/11/15,3,1,2,0,1,6/25/15,2,,2
MCA56,modalities,1,,,,,,,,,,5/7/15,543889415-1,1,1,1,0,,GE Medical Systems,3,,,,2,,,,,,,,,,,
MCA56,modalities,2,,,,,,,,,,6/8/15,543887743-1,2,0,1,,,,,0,0.85,GE Medical Systems,2,,,,,,,,,,,
MCA57,,,IPMN LGD with focal intermediate/moderate dysplasia  ,1,0,1/1/50,0,1,,5/19/21,2,,,,,,,,,,,,,,1,6/2/15,4,1,0,1,1,7/2/15,1,,2
MCA57,modalities,1,,,,,,,,,,4/6/15,543754253-1,1,0,1,0,,GE Medical Systems,1.5,,,,2,,,,,,,,,,,
MCA58,,,IPMN with LGD  ,1,0,10/1/46,1,1,,4/20/21,2,,,,,,,,,,,,,,1,3/18/15,3,1,1,0,1,8/5/15,1,,2
MCA58,modalities,1,,,,,,,,,,7/16/15,543958209-1,2,0,1,,,,,1,0.625,GE Medical Systems,2,,,,,,,,,,,
MCA59,,,"IPMN with HGD, Distal pancreas, severe, 1.7 cm intraluminal solid component, chronic pancreatitis  ",1,1,12/1/40,0,1,,5/24/21,2,,,,,,,,,,,,,,1,12/11/14,4,1,0,2,1,1/26/15,2,,2
MCA59,modalities,1,,,,,,,,,,11/3/14,IIMS6695074,2,1,1,,,,,1,2,Siemens,2,,,,,,,,,,,
MCA59,modalities,2,,,,,,,,,,11/12/14,IIMS6695085,1,1,1,0,,Siemens,1.5,,,,2,,,,,,,,,,,
MCA60,,,"IPMN with HGD, main duct and multiple side branch ducts, chronic pancreatitis with fibrosis  ",1,1,9/1/56,1,8,,,2,,,,,,,,,,,,,,1,6/23/15,2,0,2,1,1,9/23/15,2,,2
MCA60,modalities,1,,,,,,,,,,5/30/15,IIMS8069490,2,1,1,,,,,0,3,Siemens,2,,,,,,,,,,,
MCA60,modalities,2,,,,,,,,,,9/22/15,543929096-1,1,0,1,0,,GE Medical Systems,1.5,,,,2,,,,,,,,,,,
MCA61,,,"focal moderate dysplasia, raising from side branch of main duct",1,0,1/1/44,0,8,,,2,,,,,,,,,,,,,,1,2/5/15,3,1,1,0,1,9/24/15,1,,2
MCA61,modalities,1,,,,,,,,,,9/21/15,543946112-1,2,0,1,,,,,0,,,1,,,,,,,,,,,
MCA62,,,Invasive adenocarcinoma arising from IPMN (moderately-differentiated),1,1,8/1/51,0,0,3/1/18,,2,,,,,,,,,,,,,,0,,,,0,0,1,10/1/15,3,,2
MCA62,modalities,1,,,,,,,,,,9/22/15,543995881-1,2,0,1,,,,,0,0.92,GE Medical Systems,2,,,,,,,,,,,
MCA63,,,Invasive adenocarcinoma arising from IPMN (high grade dysplasia)  ,1,1,11/1/52,0,0,3/17/17,,2,,,,,,,,,,,,,,1,2/4/16,5,1,0,1,1,3/3/16,3,,2
MCA63,modalities,1,,,,,,,,,,2/1/16,544117859-1,1,0,1,0,,GE Medical Systems,1.5,,,,2,,,,,,,,,,,
MCA63,modalities,2,,,,,,,,,,2/5/16,544139487-1,2,,,,,,,0,0.85,GE Medical Systems,2,,,,,,,,,,,
MCA64,,,"IPMN with moderate dysplasia, accessory duct",1,0,5/1/37,0,1,,6/23/21,2,,,,,,,,,,,,,,1,12/8/15,4,1,1,1,1,1/12/16,1,,2
MCA64,modalities,1,,,,,,,,,,10/30/15, 544033716-1,1,0,1,0,,GE Medical Systems,1.5,,,,2,,,,,,,,,,,
MCA65,,,IPMN with LGD  ,1,0,6/1/53,1,1,,5/19/21,2,,,,,,,,,,,,,,1,5/5/16,3,1,1,0,1,7/1/16,1,,2
MCA65,modalities,1,,,,,,,,,,4/20/16,544193245-1,2,0,1,,,,,1,0.625,GE Medical Systems,2,,,,,,,,,,,
MCA65,modalities,2,,,,,,,,,,4/26/16,544226215-1,1,0,1,0,,GE Medical Systems,1.5,,,,2,,,,,,,,,,,
MCA66,,,Multifocal IPMN with LGD  ,1,0,10/1/43,1,1,,2/15/21,2,,,,,,,,,,,,,,1,11/20/15,0,0,1,1,1,1/20/16,1,,2
MCA66,modalities,1,,,,,,,,,,11/4/15,543982168-1,1,0,1,0,,GE Medical Systems,1.5,,,,2,,,,,,,,,,,
MCA68,,,"Invasive PDAC arising ""in the background of"" side branch IPMN in pancreatic tail",1,1,10/1/64,0,0,4/1/18,,2,,,,,,,,,,,,,,1,9/23/16,5,1,0,0,1,10/3/16,3,,2
MCA68,modalities,1,,,,,,,,,,9/21/16,544383163-1,2,0,1,,,,,0,0.625,GE Medical Systems,2,,,,,,,,,,,
MCA69,,,"no dysplasia, side branch and main ducts  ",1,0,4/1/53,0,1,,6/17/21,2,,,,,,,,,,,,,,1,1/25/17,3,1,2,2,1,3/10/17,0,,2
MCA69,modalities,1,,,,,,,,,,9/22/16,IIMS14125971,1,1,1,1,MRI abdomen with and without contrast,GE Medical Systems,1.5,,,,2,,,,,,,,,,,
MCA69,modalities,2,,,,,,,,,,12/9/16,544463362-1,2,0,,,,,,0,0.625,GE Medical Systems,2,,,,,,,,,,,
MCA70,,,"IPMN with HGD, chronic pancreatitis  ",1,1,8/1/51,0,1,,6/22/21,2,,,,,,,,,,,,,,1,9/12/16,4,1,8,2,1,1/11/17,2,,2
MCA70,modalities,1,,,,,,,,,,11/16/16,544442059-1,2,0,1,,,,,0,0.625,GE Medical Systems,2,,,,,,,,,,,
MCA71,,,Invasive PDAC arising from side branch IPMN with HGD in pancreatic tail  ,1,1,3/1/35,1,8,,,2,,,,,,,,,,,,,,0,,,,8,0,1,4/26/17,3,,2
MCA71,modalities,1,,,,,,,,,,3/3/17,IIMS15782694,1,1,1,0,,Siemens,1.5,,,,2,,,,,,,,,,,
MCA71,modalities,2,,,,,,,,,,4/19/17,544623360-1,2,0,1,,,,,0,0.6,Siemens,2,,,,,,,,,,,
MCA72,,,"Extensive IPMN with HGD, main duct and multiple side branch ducts   ",1,1,3/1/34,1,8,,,2,,,,,,,,,,,,,,0,,,,2,1,1,5/16/17,2,,2
MCA72,modalities,1,,,,,,,,,,4/5/17,544606732-1,2,0,1,,,,,0,0.68,GE Medical Systems,2,,,,,,,,,,,
MCA73,,,"IPMN with LGD, branch duct type  ",1,0,5/1/52,1,1,,6/9/21,2,,,,,,,,,,,,,,0,,,,1,0,1,5/24/17,1,,2
MCA73,modalities,1,,,,,,,,,,3/3/17,544563817-1,2,0,1,,,,,0,0.625,GE Medical Systems,2,,,,,,,,,,,
MCA74,,,"IPMN with low- and high- grade dysplasia, main duct and side branches  ",1,1,8/1/34,0,8,,,2,,,,,,,,,,,,,,1,5/30/17,3,1,2,0,1,6/16/17,2,,2
MCA74,modalities,1,,,,,,,,,,5/11/17,544644659-1,2,0,1,,,,,0,0.625,GE Medical Systems,2,,,,,,,,,,,
MCA75,,,"IPMN with HGD, intestinal type  ",1,1,8/1/56,1,1,,6/8/21,2,,,,,,,,,,,,,,0,,,,2,0,1,6/21/17,2,,2
MCA75,modalities,1,,,,,,,,,,5/7/17,544646369-1,2,0,1,,,,,0,0.6,Siemens,2,,,,,,,,,,,
MCA75,modalities,2,,,,,,,,,,5/8/17,544647248-1,1,0,1,0,,GE Medical Systems,1.5,,,,2,,,,,,,,,,,
MCA76,,,"IPMN with LGD, main duct and side branches  ",1,0,8/1/46,1,8,,,2,,,,,,,,,,,,,,1,7/27/17,3,1,2,0,1,8/18/17,1,,2
MCA76,modalities,1,,,,,,,,,,7/28/17,544723016-1,2,0,1,,,,,0,0.625,GE Medical Systems,2,,,,,,,,,,,
MCA81,,,"IPMN, no HGD",1,0,7/1/39,0,1,,10/27/20,2,,,,,,,,,,,,,,1,9/14/17,2,1,8,0,0,,,10/15/20,2
MCA81,modalities,1,,,,,,,,,,8/18/17,IIMS17623768,1,1,1,0,,Siemens,1.5,,,,2,,,,,,,,,,,
MCA95,,,"IPMN, no HGD, body    Concomitant GIST? ",1,1,4/1/37,1,0,6/21/20,,2,,,,,,,,,,,,,,1,2/11/20,3,1,1,1,0,,,6/17/20,2
MCA95,modalities,1,,,,,,,,,,6/17/14,16853676-1,2,0,1,,,,,1,3,Siemens,2,,,,,,,,,,,
MCA95,modalities,2,,,,,,,,,,1/20/20,13479769,1,0,1,0,,GE Medical Systems,3,,,,2,,,,,,,,,,,
MCA98,,,"IPMN with HGD, side-branch  ",1,1,9/1/40,0,1,,7/8/21,2,,,,,,,,,,,,,,1,1/8/20,3,1,1,0,1,5/15/20,2,,2
MCA98,modalities,1,,,,,,,,,,1/22/20,13477311,2,0,1,,,,,0,0.6,Siemens,2,,,,,,,,,,,
MCA98,modalities,2,,,,,,,,,,12/3/19,12875844,1,0,1,0,,Siemens,3,,,,2,,,,,,,,,,,
mca100,,,"IPMN, no HGD, head  ",1,0,8/1/39,1,1,,7/8/21,2,,,,,,,,,,,,,,1,1/28/20,3,1,1,0,0,,,2/6/21,2
mca100,modalities,1,,,,,,,,,,12/5/19,13030275,1,0,1,0,,Siemens,3,,,,2,,,,,,,,,,,
mca100,modalities,2,,,,,,,,,,11/12/19,12917421,2,0,1,,,,,1,0.6,Siemens,2,,,,,,,,,,,
mca103,,,"IPMN, no HGD, head  ",1,0,12/1/52,0,1,,2/9/21,2,,,,,,,,,,,,,,1,7/16/19,3,1,2,0,1,2/6/20,1,,2
mca103,modalities,1,,,,,,,,,,4/22/19,12027499,1,1,1,0,,GE Medical Systems,1.5,,,,2,,,,,,,,,,,
mca103,modalities,2,,,,,,,,,,2/4/20,13657113,2,0,1,,,,,1,0.625,GE Medical Systems,2,,,,,,,,,,,
MCA120,,,"Moderate dysplasia to cytologically malignant, IPMN; Path IPMN with LGD, background of chronic pancreatitis  ",1,0,6/1/63,0,8,,,2,,,,,,,,,,,,,,1,10/13/10,5,1,2,0,1,11/19/10,1,,2
MCA120,modalities,1,,,,,,,,,,9/1/10,542253293-1,2,0,1,,,,,1,0.625,GE Medical Systems,2,,,,,,,,,,,
MCA124,,,"IPMN, no HGD, head",1,0,2/1/51,1,8,,,2,,,,,,,,,,,,,,1,6/15/11,3,1,1,0,0,,,1/3/20,2
MCA124,modalities,2,,,,,,,,,,5/2/11,IIMS2948605,1,1,1,0,,GE Medical Systems,1.5,,,,2,,,,,,,,,,,
MCA126,,,"IPMN, no HGD, head  ",1,0,11/1/38,1,8,,,2,,,,,,,,,,,,,,1,6/3/13,3,1,1,0,0,,,8/17/15,2
MCA126,modalities,1,,,,,,,,,,5/31/13,543134249-1,1,0,1,0,,GE Medical Systems,1.5,,,,2,,,,,,,,,,,
MCA128,,,"HGD/adenocarcinoma on cyto but intermediate on path, arising in the background of IPMN, body  ",1,0,3/1/43,1,0,10/4/17,,2,,,,,,,,,,,,,,1,10/7/13,4,1,0,1,1,11/7/13,1,,2
MCA128,modalities,1,,,,,,,,,,8/9/13,543238187-1,2,0,1,,,,,1,3.75,GE Medical Systems,2,,,,,,,,,,,
MCA128,modalities,2,,,,,,,,,,9/6/13,543267891-1,1,0,1,0,,GE Medical Systems,1.5,,,,2,,,,,,,,,,,
MCA136,,,"Cyto: HGD/adenocarcinoma associated with IPMN; Copath: low to intermediate grade dysplasia, no invasive carcinoma  ",1,0,1/1/39,1,1,,2/8/21,2,,,,,,,,,,,,,,1,3/26/15,5,1,1,0,1,4/9/15,1,,2
MCA136,modalities,1,,,,,,,,,,3/19/15,543806140-1,1,0,1,0,,GE Medical Systems,1.5,,,,2,,,,,,,,,,,
MCA138,,,"IPMN with focal HGD, tail; SurgPath with intermediate/moderate dysplasia  ",1,0,1/1/50,0,1,,5/19/21,2,,,,,,,,,,,,,,1,6/2/15,4,1,2,2,1,7/2/15,1,,2
MCA138,modalities,1,,,,,,,,,,6/29/15,543912259-1,1,0,1,0,,GE Medical Systems,1.5,,,,2,,,,,,,,,,,
MCA140,,,"HGD in branch-duct IPMN, uncinate process; CoPath from Whipple 2 months later, LGD  ",1,0,6/1/46,0,1,,7/7/21,2,,,,,,,,,,,,,,1,10/27/15,4,1,1,0,1,12/28/15,1,,2
MCA140,modalities,1,,,,,,,,,,7/21/15,543872116-1,2,0,1,,,,,1,0.625,GE Medical Systems,2,,,,,,,,,,,
MCA140,modalities,2,,,,,,,,,,10/29/15,544034557-1,1,0,1,0,,GE Medical Systems,1.5,,,,2,,,,,,,,,,,
MCA142,,,"IPMN, no HGD  ",1,0,8/1/35,0,1,,4/21/21,2,,,,,,,,,,,,,,1,2/16/16,3,1,1,1,0,,,4/15/21,2
MCA142,modalities,1,,,,,,,,,,1/13/16,544075695-1,2,0,1,,,,,1,0.625,GE Medical Systems,2,,,,,,,,,,,
MCA149,,,"IPMN with HGD, body; SurgPath negative for HGD/carcinoma 1 month later  ",1,0,5/1/48,0,1,,5/17/21,2,,,,,,,,,,,,,,1,4/28/16,4,1,1,1,1,5/25/16,1,,2
MCA149,modalities,1,,,,,,,,,,4/11/16,544164016-1,1,0,1,0,,GE Medical Systems,1.5,,,,2,,,,,,,,,,,
MCA149,modalities,2,,,,,,,,,,1/5/16,544045245-1,2,0,1,,,,,1,0.625,GE Medical Systems,2,,,,,,,,,,,
MCA152,,,"IPMN, no HGD, neck  ",1,0,1/1/46,1,8,,,2,,,,,,,,,,,,,,1,9/20/16,3,1,1,0,0,,,10/7/20,2
MCA152,modalities,1,,,,,,,,,,8/1/16,544307775-1,1,0,1,0,,GE Medical Systems,1.5,,,,2,,,,,,,,,,,
MCA152,modalities,2,,,,,,,,,,8/2/16,544307776-1,2,0,1,,,,,1,0.625,GE Medical Systems,2,,,,,,,,,,,
MCA159,,,"IPMN, no HGD, head",1,0,9/1/55,0,1,,5/10/21,2,,,,,,,,,,,,,,1,1/17/17,3,1,1,0,0,,,5/10/21,2
MCA159,modalities,1,,,,,,,,,,12/9/16,IIMS14656469,1,1,1,1,MRI abdomen with and without contrast,GE Medical Systems,1.5,,,,2,,,,,,,,,,,