﻿record_id,redcap_repeat_instrument,redcap_repeat_instance,notes,inclusion,case_control,dob,birth_sex,alive,date_death,date_alive,demographics_complete,date_modality,accession,modality,external_scan,available_scan,mri_protocol,mri_protocol_other,mri_brand,mri_magnet,ct_protocol,ct_slice,ct_brand,modalities_complete,cyto_path,date_cyto_path,result_cyto_path,mucin_cyto_path,ipmn_type,cyst_location,surgery,date_tissue,surg_path,no_progress_imaging,cyst_characteristics_and_followup_complete
MCF01,,,,1,1,5/1/34,0,1,,5/28/21,2,,,,,,,,,,,,,,1,3/27/20,5,8,8,1,1,4/7/20,3,,2
MCF01,modalities,1,,,,,,,,,,3/24/20,13952125,1,0,1,0,,Siemens,3,,,,2,,,,,,,,,,,
MCF01,modalities,2,,,,,,,,,,2/24/20,IIMS55690056,2,1,1,,,,,1,2.5,GE MEDICAL SYSTEMS,2,,,,,,,,,,,
MCF02,,,,1,0,3/1/45,1,1,,5/7/21,2,,,,,,,,,,,,,,1,5/6/19,4,1,1,0,1,8/14/19,1,,2
MCF02,modalities,1,,,,,,,,,,4/18/19,IIMS52579041,2,1,1,,,,,1,5,GE MEDICAL SYSTEMS,2,,,,,,,,,,,
MCF02,modalities,2,,,,,,,,,,6/23/19,1594550,1,0,1,0,,Siemens,3,,,,2,,,,,,,,,,,
MCF03,,,"HGD on cytology, no HGD on surgical pathology  ",1,0,5/1/48,1,1,,5/17/21,2,,,,,,,,,,,,,,1,6/11/19,4,1,1,2,1,8/28/19,1,,2
MCF03,modalities,1,,,,,,,,,,7/5/19,11632601,1,0,1,0,,Siemens,3,,,,2,,,,,,,,,,,
MCF04,,,MD-IPMN no HGD or invasive carcinoma,1,0,4/1/45,0,1,,4/27/21,2,,,,,,,,,,,,,,0,,,,0,2,1,8/5/20,1,,2
MCF04,modalities,1,,,,,,,,,,8/4/20,15039052,2,0,1,,,,,1,5,Siemens,2,,,,,,,,,,,
MCF04,modalities,2,,,,,,,,,,8/5/20,15065229,1,0,1,0,,Siemens,3,,,,2,,,,,,,,,,,
MCF05,,,"Concurrent PanIn. No residual adenocarcinoma after chemoradiation, IPMN with HGD present.  ",1,1,9/1/42,0,1,,5/25/21,2,,,,,,,,,,,,,,1,5/31/19,5,8,2,0,1,12/11/19,3,,2
MCF05,modalities,1,,,,,,,,,,5/30/19,10763503,1,0,,0,,Siemens,3,,,,2,,,,,,,,,,,
MCF06,,,MT-IPMN w/ HGD + PNET  ,1,1,7/1/59,0,1,,3/30/21,2,,,,,,,,,,,,,,1,12/23/19,3,1,2,1,1,7/29/20,2,,2
MCF06,modalities,1,,,,,,,,,,5/5/20,13389440,1,0,1,0,,Siemens,3,,,,2,,,,,,,,,,,
MCF08,,,Concurrent chronic pancreatitis,1,1,7/1/53,0,1,,2/16/21,2,,,,,,,,,,,,,,0,,,,1,1,1,2/15/19,2,,2
MCF08,modalities,1,,,,,,,,,,11/20/18,9473702,1,0,1,0,,Siemens,3,,,,2,,,,,,,,,,,
MCF09,,,,1,1,12/1/50,1,1,,6/9/21,2,,,,,,,,,,,,,,1,,5,8,1,0,1,2/12/20,3,,2
MCF09,modalities,1,,,,,,,,,,10/3/19,12297497,1,0,1,0,,Siemens,3,,,,2,,,,,,,,,,,
MCF10,,,LGD BD-IPMN w/ mural nodule,1,0,6/1/39,1,8,,,2,,,,,,,,,,,,,,0,,,,,,1,1/9/19,1,,2
MCF10,modalities,1,,,,,,,,,,12/6/18,9496183,1,0,1,0,,Siemens,3,,,,2,,,,,,,,,,,
MCF11,,,,1,1,12/1/64,1,1,,3/24/21,2,,,,,,,,,,,,,,0,,,,1,1,1,1/8/20,2,,2
MCF11,modalities,1,,,,,,,,,,10/20/19,12630671,1,0,1,1,MR ABDOMEN WITHOUT AND WITH IV CONTRAST,Siemens,3,,,,2,,,,,,,,,,,
MCF12,,,MT-IPMN no HGD or invasive carcinoma  ,1,0,4/1/34,0,1,,5/17/21,2,,,,,,,,,,,,,,1,1/9/20,3,1,2,1,1,5/27/20,1,,2
MCF12,modalities,1,,,,,,,,,,10/14/19,12183798,1,0,1,0,,Siemens,3,,,,2,,,,,,,,,,,
MCF14,,,,1,1,5/1/58,1,1,,5/21/21,2,,,,,,,,,,,,,,1,2/21/19,4,8,1,0,1,7/17/19,3,,2
MCF14,modalities,1,,,,,,,,,,1/30/19,IIMS50746253,2,,,,,,,1,1.25,GE MEDICAL SYSTEMS,2,,,,,,,,,,,
MCF14,modalities,2,,,,,,,,,,2/14/19,IIMS50746740,1,1,1,0,,Siemens,1.5,,,,2,,,,,,,,,,,
MCF15,,,Imaging limited by motion degradation. Background chronic pancreatitis.,1,1,6/1/34,0,0,1/14/20,,2,,,,,,,,,,,,,,1,7/18/19,5,8,8,1,1,7/31/19,3,,2
MCF15,modalities,1,,,,,,,,,,7/17/19,11779462,1,0,1,0,,Siemens,3,,,,2,,,,,,,,,,,
MCF16,,,,1,1,1/1/43,1,1,,5/26/21,2,,,,,,,,,,,,,,1,3/2/20,3,1,1,0,1,7/10/20,3,,2
MCF16,modalities,1,,,,,,,,,,5/20/20,13964352,1,0,1,0,,Siemens,3,,,,2,,,,,,,,,,,
MCF17,,,SCA+LGD IPMN path. Atypical cytology  ,1,0,8/1/49,0,1,,12/29/20,2,,,,,,,,,,,,,,1,7/6/20,3,1,1,0,1,9/2/20,1,,2
MCF17,modalities,1,,,,,,,,,,7/5/20,14630362,1,0,1,0,,Siemens,3,,,,2,,,,,,,,,,,
MCF18,,,,1,1,10/1/40,1,0,2/17/21,,2,,,,,,,,,,,,,,0,,,,0,1,1,6/3/19,2,,2
MCF18,modalities,1,,,,,,,,,,5/16/19,11232799,1,0,1,0,,Siemens,3,,,,2,,,,,,,,,,,
MCF18,modalities,2,,,,,,,,,,3/12/19,,2,0,1,,,,,1,1,Siemens,2,,,,,,,,,,,
MCF20,,,"HGD on cytology, no HGD surgical pathology  ",1,0,9/1/37,0,1,,5/28/20,2,,,,,,,,,,,,,,1,10/30/19,4,1,2,0,1,3/25/20,1,,2
MCF20,modalities,1,,,,,,,,,,2/24/20,13314754,1,0,1,,,Siemens,3,,,,2,,,,,,,,,,,
MCF21,,,>6 months between imaging and surgical pathology (neoadjuvant therapy). Cytology at time of imaging/diagnosis.,1,1,2/1/56,0,1,,5/18/21,2,,,,,,,,,,,,,,1,8/20/18,5,8,8,0,1,5/6/19,3,,2
MCF21,modalities,1,,,,,,,,,,8/17/18,812981300-1,2,0,1,,,,,1,5,Siemens,2,,,,,,,,,,,
MCF22,,,,1,1,8/1/59,1,1,,6/9/21,2,,,,,,,,,,,,,,0,,,,0,2,1,11/22/19,3,,2
MCF22,modalities,1,,,,,,,,,,10/1/19,12012701,1,0,1,0,,Siemens,3,,,,2,,,,,,,,,,,
MCF23,,,MT-IPMN no HGD or invasive carcinoma  ,1,0,12/1/37,0,1,,5/1/21,2,,,,,,,,,,,,,,0,,,,2,2,1,10/17/18,1,,2
MCF23,modalities,1,,,,,,,,,,7/22/18,IIMS48623891,2,1,1,,,,,1,5,GE MEDICAL SYSTEMS,2,,,,,,,,,,,
MCF23,modalities,2,,,,,,,,,,7/24/18,IIMS48623894,1,1,1,0,,Siemens,1.5,,,,2,,,,,,,,,,,
MCF24,,,MT-IPMN no HGD or invasive carcinoma  ,1,0,1/1/47,0,1,,6/2/20,2,,,,,,,,,,,,,,0,,,,2,2,1,10/26/18,1,,2
MCF24,modalities,1,,,,,,,,,,8/7/18,812946008-1,1,0,1,0,,Siemens,3,,,,2,,,,,,,,,,,
MCF25,,,,1,1,10/1/48,1,1,,5/4/21,2,,,,,,,,,,,,,,0,,,,2,2,1,10/16/19,2,,2
MCF25,modalities,1,,,,,,,,,,8/27/19,IIMS53567467,1,1,1,0,,GE MEDICAL SYSTEMS,1.5,,,,2,,,,,,,,,,,
MCF26,,,Background chronic pancreatitis,1,1,4/1/45,0,1,,5/13/21,2,,,,,,,,,,,,,,1,5/31/19,0,0,2,8,1,10/16/19,2,,2
MCF26,modalities,1,,,,,,,,,,8/26/19,11660303,1,0,1,0,,Siemens,3,,,,2,,,,,,,,,,,
MCF27,,,"Focal areas suspicious for invasive adenocarcinoma, extensive HGD. Focal chronic pancreatitis.",1,1,7/1/47,0,1,,10/6/21,2,,,,,,,,,,,,,,0,,,,1,2,1,10/21/19,3,,2
MCF27,modalities,1,,,,,,,,,,9/26/19,11843586,1,0,1,0,,Siemens,3,,,,2,,,,,,,,,,,
MCF28,,,Severe chronic pancreatitis,1,1,6/1/38,1,1,,6/9/21,2,,,,,,,,,,,,,,1,8/16/19,5,8,2,1,1,9/11/19,3,,2
MCF28,modalities,1,,,,,,,,,,8/6/19,11975125,2,0,1,,,,,1,1,Siemens,2,,,,,,,,,,,
MCF28,modalities,2,,,,,,,,,,8/8/19,12007633,1,0,1,0,,Siemens,3,,,,2,,,,,,,,,,,
MCF30,,,,1,1,4/1/58,0,1,,12/22/20,2,,,,,,,,,,,,,,1,5/21/19,5,8,2,0,1,9/23/19,3,,2
MCF30,modalities,1,,,,,,,,,,5/10/19,11177877,1,0,1,0,,Siemens,3,,,,2,,,,,,,,,,,
MCF31,,,Multifocal adenocarcinoma in background of chronic pancreatitis and MT-IPMN w/ HGD. >6 months between imaging and surgical pathology (neoadjuvant therapy). Cytology adenocarcinoma with mucinous features at time of imaging/diagnosis.,1,1,4/1/59,0,1,,4/26/21,2,,,,,,,,,,,,,,1,1/8/20,5,1,8,0,1,7/31/20,3,,2
MCF31,modalities,1,,,,,,,,,,1/6/20,IIMS55346331,2,1,1,,,,,1,5,GE MEDICAL SYSTEMS,2,,,,,,,,,,,
MCF31,modalities,2,,,,,,,,,,1/6/20,IIMS55346322,1,1,1,0,,GE MEDICAL SYSTEMS,1.5,,,,2,,,,,,,,,,,
MCF32,,,>6 months between imaging and surgical pathology (neoadjuvant therapy). Cytology at time of imaging/diagnosis. PTC after 10/23/2018  ,1,1,9/1/40,0,0,8/15/19,,2,,,,,,,,,,,,,,1,11/30/18,4,1,1,0,1,6/14/19,3,,2
MCF32,modalities,1,,,,,,,,,,10/21/18,IIMS49457272,2,1,1,,,,,1,5,GE MEDICAL SYSTEMS,2,,,,,,,,,,,
MCF33,,,,1,1,7/1/28,0,1,,9/16/20,2,,,,,,,,,,,,,,1,4/7/17,1,0,1,2,1,4/14/17,3,,2
MCF33,modalities,1,,,,,,,,,,2/16/17,IIMS15586905,1,1,1,1,MR ABDOMEN WITHOUT AND WITH IV CONTRAST,GE MEDICAL SYSTEMS,1.5,,,,2,,,,,,,,,,,
MCF37,,,PDAC with multifocal HGD/CIS in entire MD and BD  ,1,1,7/1/27,1,8,,,2,,,,,,,,,,,,,,1,4/1/14,5,1,2,0,1,5/9/14,3,,2
MCF37,modalities,1,,,,,,,,,,2/12/14,IIMS5924071,2,1,1,,,,,1,3,Siemens,2,,,,,,,,,,,
MCF37,modalities,2,,,,,,,,,,5/8/14,811244630-1,1,0,1,1,MR ABDOMEN WITHOUT AND WITH IV CONTRAST,Siemens,3,,,,2,,,,,,,,,,,
MCF38,,,PDAC arising from IPMN with low and HGD.,1,1,5/1/44,0,8,,,2,,,,,,,,,,,,,,0,,,,2,0,1,5/22/18,3,,2
MCF38,modalities,1,,,,,,,,,,5/3/18,812834689-1,1,0,1,0,,Siemens,3,,,,2,,,,,,,,,,,
MCF38,modalities,2,,,,,,,,,,3/5/18,IIMS34884496,2,1,1,,,,,1,3,Siemens,2,,,,,,,,,,,
MCF39,,,,1,1,10/1/51,1,1,,10/20/20,2,,,,,,,,,,,,,,1,11/21/16,5,1,2,0,1,12/7/16,2,,2
MCF39,modalities,1,,,,,,,,,,10/26/16,IIMS13562193,2,1,1,,,,,1,5,Siemens,2,,,,,,,,,,,
MCF39,modalities,2,,,,,,,,,,11/28/16,812220766-1,1,0,1,0,,Siemens,3,,,,2,,,,,,,,,,,
MCF41,,,PDAC with concurrent HGD IPMN. Chronic pancreatitis.,1,1,4/1/39,1,0,11/27/18,,2,,,,,,,,,,,,,,1,9/26/17,5,,1,2,1,10/18/17,3,,2
MCF41,modalities,1,,,,,,,,,,9/14/17,812498302-1,1,1,1,1,MR Abdomen WITHOUT CONTRAST,Siemens,3,,,,2,,,,,,,,,,,
MCF42,,,,1,1,6/1/71,0,1,,9/25/20,2,,,,,,,,,,,,,,0,,,,1,0,1,9/18/14,3,,2
MCF42,modalities,1,,,,,,,,,,8/14/14,IIMS6471943,2,1,1,,,,,1,5,Siemens,2,,,,,,,,,,,
MCF42,modalities,2,,,,,,,,,,9/11/14,811369457-1,1,0,1,0,,Siemens,3,,,,2,,,,,,,,,,,