Center,Patient,Maximum diameter (mm),Location of maximum,Minimum diameter (mm),Location of minimum
Allegheny,Ahn 5,4.290,tail,1.520,body
Allegheny,Ahn 58,2.444,head,1.655,body
Allegheny,ahn11,2.287,body,9.875,
Allegheny,ahn12,11.26,body,2.324,body
Allegheny,ahn16,1.594,body,1.199,body
Allegheny,ahn19,3.850,head,1.254,tail
Allegheny,ahn2,3.695,head,2.659,body
Allegheny,ahn21,3.070,tail,2.579,head
Allegheny,ahn23,2.707,head,2.238,tail
Allegheny,ahn27,3.018,head,2.821,tail
Allegheny,ahn28,1.906,body,1.388,body
Allegheny,ahn29,2.480,head,1.394,tail
Allegheny,ahn30,3.104,head,1.839,tail
Allegheny,ahn33,2.459,head,1.747,tail
Allegheny,ahn35,2.588,head,1.510,body
Allegheny,ahn36,2.902,tail,1.400,tail
Allegheny,ahn37,2.403,body,2.245,body
Allegheny,ahn38,3.010,head,2.362,tail
Allegheny,ahn39,2.229,head,1.685,tail
Allegheny,ahn41,9.099,head,5.755,tail
Allegheny,ahn48,7.171,head,5.574,tail
Allegheny,ahn51,56.07,head,13.71,tail
Allegheny,ahn54,5.603,head,2.614,body
Allegheny,ahn61,2.602,body,1.337,body
Allegheny,ahn77,2.258,body,1.268,body
Allegheny,ahn80,7.952,tail,1.997,body
Allegheny,ahn9,4.949,body,1.736,body
Mayo Florida CDA,Cad 014,2.237,body,1.859,head
Mayo Florida CDA,Cad 03,4.119,body,1.642,body
Mayo Florida CDA,Cad 102,2.873,body,1.567,tail
Mayo Florida CDA,Cad 107,3.474,body,1.679,body
Mayo Florida CDA,Cad 110,2.451,head,1.219,body
Mayo Florida CDA,Cad 113,4.046,head,1.556,body
Mayo Florida CDA,Cad 119,3.010,tail,1.869,tail
Mayo Florida CDA,Cad 120,2.827,body,1.349,head
Mayo Florida CDA,Cad 127,2.113,body,1.500,body
Mayo Florida CDA,Cad 128,4.876,body,1.705,tail
Mayo Florida CDA,Cad 130,1.750,body,1.558,body
Mayo Florida CDA,Cad 133,2.918,head,2.117,body
Mayo Florida CDA,Cad 134,4.012,head,1.244,body
Mayo Florida CDA,Cad 135,6.613,head,1.578,tail
Mayo Florida CDA,Cad 137,2.921,head,1.364,body
Mayo Florida CDA,Cad 147,2.207,body,1.747,head
Mayo Florida CDA,Cad 162,13.89,tail,1.967,body
Mayo Florida CDA,Cad 163,2.467,body,1.803,Body
Mayo Florida CDA,Cad 175,4.655,head,1.895,tail
Mayo Florida CDA,Cad 176,3.074,body,2.266,tail
Mayo Florida CDA,Cad 189,3.497,body,1.786,body
Mayo Florida CDA,Cad 197,2.708,head,1.355,body
Mayo Florida CDA,Cad 202,2.327,head,1.327,head
Mayo Florida CDA,Cad 217,2.192,head,1.401,body
Mayo Florida CDA,Cad 245,9.167,head,2.408,body
Mayo Florida CDA,Cad 246,5.260,body,2.205,body
Mayo Florida CDA,Cad 251,7.487,head,1.701,tail
Mayo Florida CDA,Cad 262,2.065,body,1.311,head
Mayo Florida CDA,Cad 28,2.060,head,1.845,body
Mayo Florida CDA,Cad 291,8.591,body,2.613,body
Mayo Florida CDA,Cad 297,2.427,body,2.134,body
Mayo Florida CDA,Cad 31,3.118,body,1.855,tail
Mayo Florida CDA,Cad 33,2.159,body,1.580,body
Mayo Florida CDA,Cad 34,2.914,head,1.850,body
Mayo Florida CDA,Cad 36,2.730,body,1.739,tail
Mayo Florida CDA,Cad 39,1.442,body,1.048,body
Mayo Florida CDA,Cad 40,1.842,body,9.357,tail
Mayo Florida CDA,Cad 41,2.092,head,1.677,tail
Mayo Florida CDA,Cad 43,3.626,head,9.282,tail
Mayo Florida CDA,Cad 44,2.288,body,1.317,tail
Mayo Florida CDA,Cad 49,2.706,head,1.424,body
Mayo Florida CDA,Cad 53,3.801,head,1.854,body
Mayo Florida CDA,Cad 55,2.935,body,1.872,tail
Mayo Florida CDA,Cad 58,2.445,body,1.434,tail
Mayo Florida CDA,Cad 60,2.530,head,1.414,body
Mayo Florida CDA,Cad 62,3.740,head,1.645,body
Mayo Florida CDA,Cad 63 mayo clinic,3.014,body,2.539,body
Mayo Florida CDA,Cad 68,2.388,body,1.535,body
Mayo Florida CDA,Cad 81,1.712,body,1.627,head
Mayo Florida CDA,Cad 84,4.308,head,1.912,tail
Mayo Florida CDA,Cad 86,2.212,body,1.739,body
Mayo Florida CDA,Cad 88 mayo clinic,2.292,tail,1.342,tail
Mayo Florida CDA,Cad 93 mayo clinic,2.627,body,1.966,body
Mayo Florida CDA,Cad 95,2.061,body,1.661,body
Mayo Florida CDA,Cad 96,1.894,head,1.469,head
Mayo Arizona,Mca 126,2.069,body,1.557,tail
Mayo Arizona,Mca 45,2.748,body,1.258,body
Mayo Arizona,Mca 65,2.987,head,1.282,head
Mayo Arizona,Mca 69,7.105,tail,2.079,body
Mayo Arizona,mca02,2.902,tail,1.638,body
Mayo Arizona,mca05,2.637,body,2.063,tail
Mayo Arizona,mca10,2.375,head,1.289,body
Mayo Arizona,mca124,2.396,body,1.302,body
Mayo Arizona,mca138,8.576,body,1.549,tail
Mayo Arizona,mca14,2.199,head,1.224,tail
Mayo Arizona,mca140,3.064,head,1.658,tail
Mayo Arizona,mca15,7.415,head,2.168,tail
Mayo Arizona,mca17,2.929,head,1.504,tail
Mayo Arizona,mca22,7.210,tail,2.297,head
Mayo Arizona,mca24,2.175,body,1.047,body
Mayo Arizona,mca26,2.366,head,1.295,tail
Mayo Arizona,mca29,3.033,head,1.453,head
Mayo Arizona,mca30,2.333,head,1.743,tail
Mayo Arizona,mca34,2.245,body,1.927,body
Mayo Arizona,mca38,20.39,body,10.03,body
Mayo Arizona,mca40,2.362,body,1.670,body
Mayo Arizona,mca48,4.510,head,1.868,tail
Mayo Arizona,mca57,4.961,head,1.451,neck
Mayo Arizona,mca63,1.819,body,1.264,tail
Mayo Arizona,mca75,3.089,head,1.529,tail
Mayo Florida MCF,mcf01,2.897,body,2.481,body
Mayo Florida MCF,mcf03,2.503,body,1.109,body
Mayo Florida MCF,mcf04,2.154,body,1.288,body
Mayo Florida MCF,mcf05,4.593,body,1.842,body
Mayo Florida MCF,mcf06,11.37,body,7.276,body
Mayo Florida MCF,mcf09,8.266,head,2.809,body
Mayo Florida MCF,mcf10,11.03,tail,2.160,head
Mayo Florida MCF,mcf11,2.215,body,1.766,body
Mayo Florida MCF,mcf12,2.288,body,1.998,body
Mayo Florida MCF,mcf14,2.858,body,1.950,body
Mayo Florida MCF,mcf15,2.758,head,1.456,head
Mayo Florida MCF,mcf16,2.744,head,1.638,body
Mayo Florida MCF,mcf18,2.139,head,1.855,body
Mayo Florida MCF,mcf20,19.76,head,6.040,head
Mayo Florida MCF,mcf22,2.197,head,1.463,body
Mayo Florida MCF,mcf24,2.267,body,1.184,tail
Mayo Florida MCF,mcf26,11.64,head,7.314,body
Mayo Florida MCF,mcf27,3.820,body,2.264,body
Mayo Florida MCF,mcf28,2.414,tail,1.701,head
Mayo Florida MCF,mcf30,10.92,body,6.501,body
Mayo Florida MCF,mcf31,2.204,body,1.409,head
Mayo Florida MCF,mcf38,9.644,body,2.537,head
Mayo Florida MCF,mcf41,2.517,head,1.157,body
Mayo Florida MCF,mcf42,3.090,body,1.890,body
Northwestern,NM 1,2.0,body,1.9,body
Northwestern,NM 10,2.1,body,1.9,body
Northwestern,NM 11,3.2,body,2.6,body
Northwestern,NM 12,3.6,head,3.4,head
Northwestern,NM 13,2.8,body,2.5,body
Northwestern,NM 14,2.0,body,1.6,body
Northwestern,NM 15,1.9,body,1.5,body
Northwestern,NM 16,2.5,body,2.5,body
Northwestern,NM 17,2.5,body,2.0,body
Northwestern,NM 18,2.0,body,1.7,body
Northwestern,NM 19,2.7,body,2.5,body
Northwestern,NM 2,2.9,body,2.3,tail
Northwestern,NM 20,1.7,body,1.4,tail
Northwestern,NM 3,3.1,body,1.8,tail
Northwestern,NM 4,2.2,head,2.1,head
Northwestern,NM 5,2.3,head,2.0,head
Northwestern,NM 6,,body,5.0,tail
Northwestern,NM 7,3.1,body,2.4,body
Northwestern,NM 8,2.2,body,1.5,body
Northwestern,NM 9,2.8,body,2.1,body
NYU,patient_06.nii,2.418,head,1.443,body
NYU,patient_001.nii,1.932,head,1.361,tail
NYU,patient_009.nii,1.970,body,1.405,body
NYU,patient_015.nii,2.068,head,1.563,tail
NYU,patient_025.nii,4.443,head,1.447,head
NYU,patient_035.nii,2.013,body,1.042,body
NYU,patient_038.nii,2.331,head,1.539,body
NYU,patient_04.nii,2.712,body,1.563,tail
NYU,patient_045.nii,2.854,head,1.307,tail
NYU,patient_047.nii,3.085,body,2.789,body
NYU,patient_060.nii,2.034,head,1.291,body
NYU,patient_065.nii,3.184,body,1.797,head
NYU,patient_07.nii,2.379,body,1.419,body
NYU,patient_073.nii,3.755,body,2.204,body
NYU,patient_076.nii,3.683,head,1.434,tail
NYU,patient_079.nii,2.301,body,1.540,tail
NYU,patient_083.nii,2.197,tail,1.671,body
NYU,patient_085.nii,2.490,body,1.827,body
NYU,patient_086.nii,2.079,head,1.550,head
NYU,patient_089.nii,2.783,tail,1.801,body
NYU,patient_093.nii,1.969,body,1.534,body
NYU,patient_097.nii,2.886,head,1.741,tail
NYU,patient_099.nii,2.029,body,1.309,tail
NYU,patient_10.nii,2.213,body,1.465,body
NYU,patient_100.nii,1.731,body,1.499,tail
NYU,patient_104.nii,2.693,body,1.725,tail
NYU,patient_108.nii,1.862,body,1.330,body
NYU,patient_109.nii,2.159,head,1.476,head
NYU,patient_118.nii,7.187,head,2.334,tail
NYU,patient_12.nii,2.027,body,1.786,body
NYU,patient_125.nii,2.698,head,1.129,tail
NYU,patient_126.nii,1.481,body,8.745,body
NYU,patient_127.nii,2.815,head,1.681,head
NYU,patient_128.nii,2.588,body,1.503,body
NYU,patient_129.nii,7.978,head,1.819,tail
NYU,patient_13.nii,2.595,body,1.587,body
NYU,patient_132.nii,1.927,head,1.256,tail
NYU,patient_133.nii,3.022,head,1.904,body
NYU,patient_135.nii,2.818,head,1.703,tail
NYU,patient_136.nii,2.717,body,1.832,body
NYU,patient_139.nii,2.679,head,1.746,body
NYU,patient_140.nii,4.565,body,2.632,body
NYU,patient_141.nii,2.605,body,1.502,body
NYU,patient_146.nii,2.023,body,1.320,tail
NYU,patient_149.nii,3.072,body,1.026,tail
NYU,patient_150.nii,2.303,head,1.470,tail
NYU,patient_156.nii,2.257,head,1.376,body
NYU,patient_157.nii,6.418,head,3.349,body
NYU,patient_158.nii,3.767,body,1.783,tail
NYU,patient_159.nii,1.922,body,8.041,tail
NYU,patient_16.nii,1.793,body,1.452,body
NYU,patient_162.nii,2.004,head,9.848,body
NYU,patient_166.nii,5.090,body,1.335,tail
NYU,patient_168.nii,3.717,body,2.535,tail
NYU,patient_169.nii,2.719,body,1.480,head
NYU,patient_171.nii,13.45,head,3.794,tail
NYU,patient_172.nii,2.554,body,1.975,body
NYU,patient_173.nii,2.620,head,1.690,tail
NYU,patient_18.nii,3.337,head,1.813,tail
NYU,patient_20.nii,2.117,body,1.090,body
NYU,patient_22.nii,1.950,body,1.376,body
NYU,patient_24.nii,1.761,body,1.029,tail
NYU,patient_26.nii,2.354,head,1.788,body/tail
NYU,patient_31.nii,5.047,body,3.568,body
NYU,patient_36.nii,2.701,body,2.202,body
NYU,patient_40.nii,4.431,head,1.811,tail
NYU,patient_50.nii,3.700,body,1.675,body
NYU,patient_53.nii,3.392,body,2.119,body
NYU,patient_56.nii,1.938,head,1.700,head
NYU,patient_58.nii,2.373,body,1.524,body
NYU,patient_63.nii,1.708,head,1.559,tail
NYU,patient_66.nii,4.647,head,2.526,head
NYU,patient_72.nii,1.993,body,1.136,body
NYU,patient_81.nii,2.874,body,2.261,body
NYU,patient_90.nii,1.852,body,1.362,body
NYU,patient_91.nii,3.272,head,1.536,tail
NYU,patient_94.nii,3.207,neck,1.486,tail
NYU,patient_95.nii,6.082,head,2.077,tail