﻿StudyID,Inclusion? 0=no; 1=yes,Notes ,Case/Control,"If surgery, date of Arrival tissue: dd/mm/yyyy 9=not applicable","date_modality1:
dd/mm/yyyy 9=not applicable","Modality1
For surgery patients: max 6 months before surgery 
For controls (without surgery): baseline scan. 1=MRI, 2=CT, 
8= not described, 
9=not applicable","Scan from extern hospital? 
0=No; 1=Yes, 8= not described, 9=not applicable ","Scan available?  
0=No; 1=Yes, 8= not described, 9=not applicable","Type of MRI protocol (only in case of MRI) 0=MRI/MRCP pancreatic protocol, 1= other MRI protocol (please define), 
8= not described, 
9=not applicable","Brand MRI (only in case of MRI):
Fill-out brand name; 8= not described, 9=not applicable","In case of MRI: Magnet strength (Tesla) 
8= not described, 
9= not applicable","Type of CT protocol (only in case of CT) 0=CT pancreatic protocol, 1 = CT with IV contrast, 2 = CT without contrast, 
8= not described,
9=not applicable","CT slice thickness (in mm; only in case of CT)  
8= not described, 9=not applicable","Brand CT (only in case of CT):
8= not described, 9=not applicable","date_modality2:
dd/mm/yyyy 9=not applicable","Accession nr /ScanID 
9=not applicable","Modality2
For surgery patients: max 6 months before surgery 
For controls (without surgery): baseline scan. 1=MRI, 2=CT, 
8= not described, 
9=not applicable","Scan from extern hospital? 
0=No; 1=Yes, 8= not described, 9=not applicable ","Scan available?  
0=No; 1=Yes, 8= not described, 9=not applicable","Type of MRI protocol (only in case of MRI) 0=MRI/MRCP pancreatic protocol, 1= other MRI protocol (please define), 
8= not described, 
9=not applicable","Brand MRI (only in case of MRI):
Fill-out brand name; 8= not described, 9=not applicable","In case of MRI: Magnet strength (Tesla) 
8= not described, 
9= not applicable","Type of CT protocol (only in case of CT) 0=CT pancreatic protocol, 1 = CT with IV contrast, 2 = CT without contrast, 
8= not described,
9=not applicable","CT slice thickness (in mm; only in case of CT)  
8= not described, 9=not applicable","Brand CT (only in case of CT):
8= not described, 9=not applicable","date_modality3:
dd/mm/yyyy 9=not applicable","Accession nr /ScanID 
9=not applicable","Modality3
For surgery patients: max 6 months before surgery 
For controls (without surgery): baseline scan. 1=MRI, 2=CT, 
8= not described, 
9=not applicable","Scan from extern hospital? 
0=No; 1=Yes, 8= not described, 9=not applicable ","Scan available?  
0=No; 1=Yes, 8= not described, 9=not applicable","Type of MRI protocol (only in case of MRI) 0=MRI/MRCP pancreatic protocol, 1= other MRI protocol (please define), 
8= not described, 
9=not applicable","Brand MRI (only in case of MRI):
Fill-out brand name; 8= not described, 9=not applicable","In case of MRI: Magnet strength (Tesla) 
8= not described, 
9= not applicable","Type of CT protocol (only in case of CT) 0=CT pancreatic protocol, 1 = CT with IV contrast, 2 = CT without contrast, 
8= not described,
9=not applicable","CT slice thickness (in mm; only in case of CT)  
8= not described, 9=not applicable","Brand CT (only in case of CT):
8= not described, 9=not applicable","Gender 
0 = male, 1 = female, 
8= not described, 9=not applicable","Alive
0=dead, 1=alive, 
8= not described, 9=not applicable","Date of death (only in case of death)
dd/mm/yyyy
8= not described, 9=not applicable","Date last seen alive (only in case of alive)
dd/mm/yyyy
8= not described, 
9=not applicable","Date of CYTOpathology (FNA/FNB) 
dd/mm/yyyy
8= not described, 
9=not applicable","Result cytopathology of (FNA/FNB)
0 = Non-diagnostic; 
1 = Normal; 
2= Atypical; 
3 = Neoplastic (no HGD or invasive cancer); 
4= Suspicious for malignancy  (HGD); 
5= malignant/invasive, 
8= not described, 
9=not applicable","Mucinous? (FNA/FNB)
0=no, 1=yes,
8= not described, 9=not applicable","Duct involvement (based on pathology report/last imaging)
0= MD, 1= BD, 2=Mixed, 8= not described, 9=not applicable","Surgical Pathology 0=IPMN no dysplasia, 1=IPMN LGD/moderate, 2=IPMN HGD/insitu, 3=IPMN invasive carcinoma, 
8= not described, 
9=not applicable","Location (biggest) cyst 0=head, 1=body, 2=tail, 8= not described, 
9=not applicable","In case of no surgery: date of last imaging (CT/MRI/EUS) without progression (at least 3 years) 
dd/mm/yyyy
8= not described, 9=not applicable)"
AHN01,1,,Control,8/2017,7/2017,2,1,1,9,9,9,8,5,GE Medical Systems,9,9,9,9,9,9,9,9,9,9,9,9,9,9,9,9,9,9,9,9,9,9,1,1,9,8/2017,12/2014,2,1,1,0,0,9
AHN02,1,"Date last seen alive is 02-2020, date last follow-up imaging 03-2020. Please align these dates so that date patient was last seen alive is not later than last imaging.",Control,9,12/2016,1,0,1,0,Seimens,1.5,9,9,9,9,9,9,9,9,9,9,9,9,9,9,9,9,9,9,9,9,9,9,9,9,9,1,1,9,2/2020,1/2015,0,8,1,9,0,3/2020
AHN03,1,,Control,11/2016,9/2016,2,0,1,9,9,9,0,2.5,GE Medical Systems,9,9,9,9,9,9,9,9,9,9,9,9,9,9,9,9,9,9,9,9,9,9,1,1,9,2/2020,3/2015,0,1,1,1,1,9
AHN04,1,,Control,4/2015,3/2015,2,0,1,9,9,9,8,2,Seimens,9,9,9,9,9,9,9,9,9,9,9,9,9,9,9,9,9,9,9,9,9,9,0,1,9,2/2020,3/2015,3,1,0,1,1,9
AHN05,1,"No date listed for 3 year follow-up. Is this patient lost to follow-up? In absence of definitive pathology, only patients are included with documented 3 stable years of follow-up.",Control,9,3/2016,1,0,1,0,Seimens,1.5,9,9,9,9,9,9,9,9,9,9,9,9,9,9,9,9,9,9,9,9,9,9,9,9,9,1,1,9,2/2020,9,9,9,2,9,2,9
AHN06,1,,Case,9/2015,8/2015,2,0,1,9,9,9,1,2,Seimens,9,9,9,9,9,9,9,9,9,9,9,9,9,9,9,9,9,9,9,9,9,9,0,1,9,1/2020,2/2015,5,8,0,2,1,9
AHN07,1,,Control,9,12/2014,1,0,1,0,Seimens,1.5,9,9,9,9,9,9,9,9,9,9,9,9,9,9,9,9,9,9,9,9,9,9,9,9,9,1,1,9,2/2020,1/2015,2,1,1,9,1,3/2019
AHN08,1,,Case,6/2015,6/2015,2,0,1,9,9,9,8,5,Seimens,9,9,9,9,9,9,9,9,9,9,9,9,9,9,9,9,9,9,9,9,9,9,0,1,9,11/2016,10/2014,2,8,1,2,0,9
AHN09,1,,Control,9,4/2016,1,0,1,0,Seimens,1.5,9,9,9,9,9,9,9,9,9,9,9,9,9,9,9,9,9,9,9,9,9,9,9,9,9,0,1,9,2/2020,8/2014,2,1,1,9,0,4/2020
AHN10,1,Is there another modality available for this patient? Otherwise we would exclude this patient as we have no imaging for the algorithm.,Control,9,9/2015,1,0,0,,,,9,9,9,9,9,9,9,9,9,9,9,9,9,9,9,9,9,9,9,9,9,9,9,9,9,1,1,9,2/2018,2/2014,8,1,8,9,0,8
AHN11,1,,Control,9,8/2015,1,0,1,0,Seimens,1.5,9,9,9,9,9,9,9,9,9,9,9,9,9,9,9,9,9,9,9,9,9,9,9,9,9,1,1,9,7/2019,1/2014,2,1,1,9,1,4/2019
AHN12,1,,Control,9,2/2015,1,0,1,0,Seimens,1.5,9,9,9,9,9,9,9,9,9,9,9,9,9,9,9,9,9,9,9,9,9,9,9,9,9,1,1,9,2/2020,10/2014,2,8,1,9,0,9/2019
AHN13,1,Is there another modality available for this patient? Otherwise we would exclude this patient as we have no imaging for the algorithm.,Control,9,7/2015,1,0,0,,,,9,9,9,9,9,9,9,9,9,9,9,9,9,9,9,9,9,9,9,9,9,9,9,9,9,1,1,9,12/2019,6/2018,1,8,1,9,2,11/2019
AHN14,1,,Control,9,5/2015,2,0,1,9,9,9,1,2,Toshiba,9,9,9,9,9,9,9,9,9,9,9,9,9,9,9,9,9,9,9,9,9,9,1,1,9,2/2020,9,9,9,0,9,1,6/2019
AHN15,1,,Control,3/2016,11/2015,2,0,1,9,9,9,8,2,Seimens,9,9,9,9,9,9,9,9,9,9,9,9,9,9,9,9,9,9,9,9,9,9,1,1,9,2/2020,9/2015,2,1,1,1,1,9
AHN16,1,,Control,9,4/2016,1,0,1,0,Seimens,1.5,9,9,9,9,9,9,9,9,9,9,9,9,9,9,9,9,9,9,9,9,9,9,9,9,9,1,1,9,7/2019,5/2016,1,1,1,9,0,7/2019
AHN17,1,Cytopathology date is 3 years after surgery and imaging date. Please correct to reflect only cytopathology before surgery (if applicable). ,Case,6/2016,5/2016,2,0,1,9,9,9,1,0.6,Seimens,9,9,9,0,9,9,9,9,9,9,9,9,9,9,9,9,9,9,9,9,9,9,0,1,9,11/2019,6/2019,0,0,2,2,0,9
AHN18,1,,Case,8/2016,7/2016,2,0,1,9,9,9,1,3,Seimens,9,9,9,9,9,9,9,9,9,9,9,9,9,9,9,9,9,9,9,9,9,9,0,0,3/2018,9,7/2016,2,1,1,3,0,9
AHN19,1,,Control,9,6/2016,1,1,1,0,Seimens,1.5,9,9,9,9,9,9,9,9,9,9,9,9,9,9,9,9,9,9,9,9,9,9,9,9,9,0,1,9,1/2020,9,9,9,1,9,0,1/2020
AHN20,1,,Control,9,7/2016,1,1,1,0,GE Medical Systems,1.5,9,9,9,9,9,9,9,9,9,9,9,9,9,9,9,9,9,9,9,9,9,9,9,9,9,0,1,9,3/2020,8/2016,0,0,1,9,0,1/2020
AHN21,1,,Case,5/2018,3/2018,1,0,1,0,Seimens,1.5,9,9,9,9,9,9,9,9,9,9,9,9,9,9,9,9,9,9,9,9,9,9,9,9,9,1,1,9,1/2020,9/2016,8,8,0,2,0,9
AHN22,1,,Case,11/2016,10/2016,2,0,1,9,9,9,0,3,Toshiba,9,9,9,9,9,9,9,9,9,9,9,9,9,9,9,9,9,9,9,9,9,9,0,0,5/2018,9,8/2016,2,1,1,3,2,9
AHN23,1,,Control,1/2017,12/2016,1,1,1,0,GE Medical Systems,1.5,9,9,9,9,9,9,9,9,9,9,9,9,9,9,9,9,9,9,9,9,9,9,9,9,9,0,1,9,2/2020,9/2016,2,1,1,1,1,9
AHN24,1,"No date listed for 3 year follow-up. Is this patient lost to follow-up? In absence of definitive pathology, only patients are included with documented 3 stable years of follow-up.",Control,9,7/2016,2,1,1,9,9,9,0,2.5,GE Medical Systems,9,9,9,9,9,9,9,9,9,9,9,9,9,9,9,9,9,9,9,9,9,9,0,1,9,2/2020,11/2016,0,0,1,9,0,9
AHN25,1,,Case,2/2017,2/2017,2,0,1,9,9,9,8,5,Seimens,9,9,9,9,9,9,9,9,9,9,9,9,9,9,9,9,9,9,9,9,9,9,0,1,9,12/2019,11/2016,0,1,0,2,1,9
AHN26,1,,Control,9,12/2016,2,0,1,9,9,9,8,5,Seimens,9,9,9,9,9,9,9,9,9,9,9,9,9,9,9,9,9,9,9,9,9,9,0,1,9,3/2020,1/2017,2,1,1,9,1,12/2019
AHN27,1,"No date listed for 3 year follow-up. Is this patient lost to follow-up? In absence of definitive pathology, only patients are included with documented 3 stable years of follow-up.",Control,9,1/2017,1,0,1,0,Seimens,1.5,9,9,9,9,9,9,9,9,9,9,9,9,9,9,9,9,9,9,9,9,9,9,9,9,9,1,1,9,1/2020,9,9,9,1,9,2,6/2018
AHN28,1,,Control,9,09/2015,1,1,1,0,GE Medical Systems,1.5,9,9,9,9,9,9,9,9,9,9,9,9,9,9,9,9,9,9,9,9,9,9,9,9,9,1,1,9,1/2019,10/2015,2,1,1,9,0,12/2018
AHN29,1,,Case,5/2017,03/2017,1,1,1,0,Seimens,1.5,9,9,9,9,9,9,9,9,9,9,9,9,9,9,9,9,9,9,9,9,9,9,9,9,9,1,0,9/2017,9,04/2017,2,1,2,3,0,9
AHN30,1,,Control,9,02/2017,9,0,1,0,Seimens,1.5,9,9,9,9,9,9,9,9,9,9,9,9,9,9,9,9,9,9,9,9,9,9,9,9,9,0,1,9,06/2020,9,9,9,1,9,1,05/2020
AHN31,1,"No date listed for 3 year follow-up. Is this patient lost to follow-up? In absence of definitive pathology, only patients are included with documented 3 stable years of follow-up.",Control,9,02/2017,2,0,1,9,9,9,0,1.5,Seimens,9,9,9,9,9,9,9,9,9,9,9,9,9,9,9,9,9,9,9,9,9,9,0,1,9,9/2019,3/2017,2,1,2,9,2,8
AHN32,1,,Control,9,02/2017,2,1,1,9,9,9,8,5,Philips,9,9,9,9,9,9,9,9,9,9,9,9,9,9,9,9,9,9,9,9,9,9,0,1,9,04/2020,3/2017,0,8,1,9,0,4/2020
AHN33,1,"Patients have <3 years of follow-up. If patients have undergone follow-up imaging in the meantime, or are scheduled to undergone follow-up imaging before the end of 2020, we can consider still including these patients. Please check if this is the case, otherwise patients will be excluded (per study protocol).",Control,9,02/2017,2,0,1,1,Seimens,1.5,9,9,9,9,9,9,9,9,9,9,9,9,9,9,9,9,9,9,9,9,9,9,9,9,9,1,1,9,05/2020,9,9,9,1,9,0,11/2019
AHN34,1,,Case,8/2017,02/2017,2,1,1,9,9,9,8,3.75,GE Medical Systems,9,9,9,9,9,9,9,9,9,9,9,9,9,9,9,9,9,9,9,9,9,9,0,1,9,01/2020,4/2017,0,8,1,2,0,9
AHN35,1,,Control,08/2017,03/2017,1,1,1,0,GE Medical Systems,1.5,9,9,9,9,9,9,9,9,9,9,9,9,9,9,9,9,9,9,9,9,9,9,9,9,9,0,1,9,03/2018,4/2016,0,1,1,1,1,9
AHN36,1,,Control,9,03/2017,1,0,1,0,Seimens,1.5,9,9,9,9,9,9,9,9,9,9,9,9,9,9,9,9,9,9,9,9,9,9,9,9,9,0,1,9,05/2020,03/2017,0,8,2,9,0,3/2020
AHN37,1,"No date listed for 3 year follow-up. Is this patient lost to follow-up? In absence of definitive pathology, only patients are included with documented 3 stable years of follow-up.",Control,9,07/2017,1,0,1,0,Seimens,1.5,9,9,9,9,9,9,9,9,9,9,9,9,9,9,9,9,9,9,9,9,9,9,9,9,9,1,1,9,7/2019,9,9,9,1,9,1,8
AHN38,1,,Case,8/2017,07/2017,1,1,1,0,GE Medical Systems,1.5,9,9,9,9,9,9,9,9,9,9,9,9,9,9,9,9,9,9,9,9,9,9,9,9,9,0,1,9,4/2018,5/2017,0,0,1,3,0,9
AHN39,1,,Control,9,6/2016,1,0,1,0,Seimens,1.5,9,9,9,9,9,9,9,9,9,9,9,9,9,9,9,9,9,9,9,9,9,9,9,9,9,0,1,9,6/2020,7/2016,2,1,1,9,2,3/2020
AHN40,1,"Patients have <3 years of follow-up. If patients have undergone follow-up imaging in the meantime, or are scheduled to undergone follow-up imaging before the end of 2020, we can consider still including these patients. Please check if this is the case, otherwise patients will be excluded (per study protocol).",Control,9,7/2017,2,0,1,9,9,9,1,3,Seimens,9,9,9,9,9,9,9,9,9,9,9,9,9,9,9,9,9,9,9,9,9,9,0,1,9,6/2020,7/2017,0,1,1,9,1,5/2020
AHN41,1,,Control,12/2017,7/2017,1,1,1,0,Seimens,1.5,9,9,9,9,9,9,9,9,9,9,9,9,9,9,9,9,9,9,9,9,9,9,9,9,9,1,1,9,12/2018,11/2017,0,1,0,1,2,9
AHN42,1,,Case,03/2018,02/2018,2,0,1,9,9,9,1,1,Seimens,9,9,9,9,9,9,9,9,9,9,9,9,9,9,9,9,9,9,9,9,9,9,0,1,9,6/2020,1/2018,2,1,0,3,1,9
AHN43,1,,Control,03/2018,11/2017,1,1,1,0,Seimens,3,9,9,9,9,9,9,9,9,9,9,9,9,9,9,9,9,9,9,9,9,9,9,9,9,9,0,1,9,9/2018,11/2017,2,1,1,1,2,9
AHN44,1,,Case,07/2018,03/2018,1,0,1,0,Seimens,1.5,9,9,9,9,9,9,9,9,9,9,9,9,9,9,9,9,9,9,9,9,9,9,9,9,9,1,1,9,5/2020,5/2018,2,1,2,2,0,9
AHN45,1,>6 months between cytology/pathology and imaging. Is there imaging available closer to the surgery performed?,Case,09/2019,07/2017,2,0,1,9,9,9,0,1.5,GE Medical Systems,9,9,9,9,9,9,9,9,9,9,9,9,9,9,9,9,9,9,9,9,9,9,0,1,9,12/2019,7/2019,0,1,2,2,0,9
AHN46,1,"Patients have <3 years of follow-up. If patients have undergone follow-up imaging in the meantime, or are scheduled to undergone follow-up imaging before the end of 2020, we can consider still including these patients. Please check if this is the case, otherwise patients will be excluded (per study protocol).",Control,9,10/2016,2,1,1,9,9,9,8,1.25,GE Medical Systems,9,9,9,9,9,9,9,9,9,9,9,9,9,9,9,9,9,9,9,9,9,9,1,1,9,11/2019,1/2019,0,8,1,9,0,6/2019
AHN47,1,,Control,11/2019,10/2019,1,1,1,0,Scimage,8,9,9,9,9,9,9,9,9,9,9,9,9,9,9,9,9,9,9,9,9,9,9,9,9,9,1,1,9,3/2020,9,9,9,2,1,1,9
AHN48,1,,Control,12/2019,10/2019,1,0,1,0,Seimens,1.5,9,9,9,9,9,9,9,9,9,9,9,9,9,9,9,9,9,9,9,9,9,9,9,9,9,1,1,9,5/2020,10/2019,0,8,2,1,0,9
AHN49,1,"Patients have <3 years of follow-up. If patients have undergone follow-up imaging in the meantime, or are scheduled to undergone follow-up imaging before the end of 2020, we can consider still including these patients. Please check if this is the case, otherwise patients will be excluded (per study protocol).",Control,9,3/2017,2,1,1,9,9,9,2,5,GE Medical Systems,9,9,9,9,9,9,9,9,9,9,9,9,9,9,9,9,9,9,9,9,9,9,0,1,9,5/2020,12/2019,0,1,2,9,0,11/2019
AHN50,1,,Case,06/2020,3/2020,2,0,1,9,9,9,1,1,Toshiba,9,9,9,9,9,9,9,9,9,9,9,9,9,9,9,9,9,9,9,9,9,9,1,1,9,6/2020,12/2019,4,8,8,3,0,9
AHN51,1,"Imaging date is after surgery date. Please confirm if imaging sent is from before or after surgery, as only imaging before surgery is included in this study. ",Case,02/2018,01./2020,1,0,1,0,Seimens,1.5,9,9,9,9,9,9,9,9,9,9,9,9,9,9,9,9,9,9,9,9,9,9,9,9,9,0,1,9,6/2020,1/2018,2,8,0,2,1,9
AHN52,1,"Imaging date is after surgery date. Please confirm if imaging is before or after surgery, as only imaging before surgery is included in this study. ",Control,02/2017,09/2017,2,1,1,9,9,9,0,2,Philips,9,9,9,9,9,9,9,9,9,9,9,9,9,9,9,9,9,9,9,9,9,9,1,1,9,09/2017,11/2016,2,1,1,1,0,9
AHN53,1,,Control,02/2017,12/2016,2,0,1,9,9,9,1,5,Seimens,9,9,9,9,9,9,9,9,9,9,9,9,9,9,9,9,9,9,9,9,9,9,0,1,9,02/2018,9,9,9,2,1,2,9
AHN54,1,,Case,05/2015,02/2015,1,0,1,0,Seimens,1.5,9,9,9,9,9,9,9,9,9,9,9,9,9,9,9,9,9,9,9,9,9,9,9,9,9,0,1,9,5/2020,06/2014,0,8,1,2,2,9
AHN55,1,,Control,9,10/2015,2,0,1,9,9,9,1,2,Seimens,9,9,9,9,9,9,9,9,9,9,9,9,9,9,9,9,9,9,9,9,9,9,0,0,11/2019,9,9,9,9,1,9,2,11/2019
AHN56,1,,Case,10/2015,8/2015,2,1,1,9,9,9,1,2,Toshiba,9,9,9,9,9,9,9,9,9,9,9,9,9,9,9,9,9,9,9,9,9,9,0,0,1/2020,1/2020,9,9,9,0,2,0,9
AHN57,1,,Control,10/2017,09/2017,2,1,1,9,9,9,0,3,Philips,9,9,9,9,9,9,9,9,9,9,9,9,9,9,9,9,9,9,9,9,9,9,1,1,9,11/2019,7/2017,0,1,1,1,0,9
AHN58,1,,Control,9,03/2016,1,0,1,0,Seimens,1.5,9,9,9,9,9,9,9,9,9,9,9,9,9,9,9,9,9,9,9,9,9,9,9,9,9,1,1,9,2/2020,9,9,9,1,9,0,03/2019
AHN59,1,,Control,9,05/2016,2,0,1,9,9,9,1,5,Seimens,9,9,9,9,9,9,9,9,9,9,9,9,9,9,9,9,9,9,9,9,9,9,1,1,9,5/2020,9,9,9,1,9,0,3/2020
AHN60,1,,Control,02/2016,01/2016,2,0,1,9,9,9,1,2,Toshiba,9,9,9,9,9,9,9,9,9,9,9,9,9,9,9,9,9,9,9,9,9,9,1,1,9,7/2019,12/2015,0,8,0,1,0,9
AHN61,1,,Control,08/2016,06/2016,1,1,1,0,Seimens,1.5,9,9,9,9,9,9,9,9,9,9,9,9,9,9,9,9,9,9,9,9,9,9,9,9,9,1,1,9,03/2020,06/2015,0,1,1,1,0,9
AHN62,1,,Control,12/2016,12/2016,2,0,1,9,9,9,1,1,Seimens,9,9,9,9,9,9,9,9,9,9,9,9,9,9,9,9,9,9,9,9,9,9,1,1,9,06/2020,10/2016,0,8,1,1,1,9
AHN63,1,,Control,02/2019,11/2018,2,1,1,9,9,9,8,5,GE Medical Systems,9,9,9,9,9,9,9,9,9,9,9,9,9,9,9,9,9,9,9,9,9,9,1,1,9,9/2019,09/2018,0,8,0,1,1,9
AHN64,1,,Control,10/2018,07/2018,1,0,1,0,Seimens,1.5,9,9,9,9,9,9,9,9,9,9,9,9,9,9,9,9,9,9,9,9,9,9,9,9,9,1,1,9,2/2020,08/2018,1,8,1,1,0,9
AHN65,1,,Control,09/2017,08/2017,2,0,1,9,9,9,1,3,Seimens,9,9,9,9,9,9,9,9,9,9,9,9,9,9,9,9,9,9,9,9,9,9,0,0,10/2017,9,06/2017,0,1,2,1,0,9
AHN66,1,,Control,04/2018,03/2018,2,0,1,9,9,9,1,1.5,Seimens,9,9,9,9,9,9,9,9,9,9,9,9,9,9,9,9,9,9,9,9,9,9,0,1,9,6/2020,1/2018,0,8,0,1,0,9
AHN67,1,,Control,04/2018,11/2017,2,0,1,9,9,9,1,2,Seimens,9,9,9,9,9,9,9,9,9,9,9,9,9,9,9,9,9,9,9,9,9,9,1,1,9,11/2018,10/2017,2,8,1,1,0,9
AHN68,1,,Control,03/2016,1/2016,2,1,1,9,9,9,8,2,Seimens,9,9,9,9,9,9,9,9,9,9,9,9,9,9,9,9,9,9,9,9,9,9,1,1,9,5/2020,1/2016,0,1,1,1,0,9
AHN69,1,,Case,12/2018,7/2018,2,0,1,9,9,9,2,1,Seimens,9,9,9,9,9,9,9,9,9,9,9,9,9,9,9,9,9,9,9,9,9,9,0,1,9,6/2020,8/2018,4,1,0,3,0,9
AHN70,1,,Control,03/2019,12/2018,2,1,1,9,9,9,8,3,Philips,9,9,9,9,9,9,9,9,9,9,9,9,9,9,9,9,9,9,9,9,9,9,0,1,9,9/2019,02/2019,8,1,0,1,2,9
AHN71,1,,Case,08/2019,05/2019,1,1,1,0,Seimens,1.5,9,9,9,9,9,9,9,9,9,9,9,9,9,9,9,9,9,9,9,9,9,9,9,9,9,1,1,9,2/2020,06/2019,3,1,1,1,1,9
AHN72,1,,Control,10/2019,08/2019,2,1,1,9,9,9,0,2.5,GE Medical Systems,9,9,9,9,9,9,9,9,9,9,9,9,9,9,9,9,9,9,9,9,9,9,1,1,9,11/2019,1/2019,1,1,1,1,0,9
AHN73,1,,Case,09/2019,04/2019,2,0,1,9,9,9,1,1.5,Seimens,9,9,9,9,9,9,9,9,9,9,9,9,9,9,9,9,9,9,9,9,9,9,1,1,9,6/2020,4/2019,5,8,8,2,2,9
AHN74,1,,Control,10/2019,06/2019,2,1,1,9,9,9,8,2.5,GE Medical Systems,9,9,9,9,9,9,9,9,9,9,9,9,9,9,9,9,9,9,9,9,9,9,1,1,9,6/2020,9/2019,0,1,1,1,2,9
AHN75,1,,Control,11/2019,10/2019,1,0,1,0,Seimens,1.5,9,9,9,9,9,9,9,9,9,9,9,9,9,9,9,9,9,9,9,9,9,9,9,9,9,0,1,9,6/2020,9,9,9,0,1,1,9
AHN76,1,,Case,2/2019,12/2018,2,0,1,9,9,9,2,5,Seimens,9,9,9,9,9,9,9,9,9,9,9,9,9,9,9,9,9,9,9,9,9,9,0,1,9,9/2019,12/2018,4,8,1,2,0,9
AHN77,1,,Control,9,12/2016,1,0,1,0,Seimens,1.5,9,9,9,9,9,9,9,9,9,9,9,9,9,9,9,9,9,9,9,9,9,9,9,9,9,1,1,9,6/2020,9,9,9,1,9,2,12/2019
AHN78,1,"Patients have <3 years of follow-up. If patients have undergone follow-up imaging in the meantime, or are scheduled to undergone follow-up imaging before the end of 2020, we can consider still including these patients. Please check if this is the case, otherwise patients will be excluded (per study protocol).",Control,9,8/2016,2,0,1,9,9,9,2,3,Seimens,9,9,9,9,9,9,9,9,9,9,9,9,9,9,9,9,9,9,9,9,9,9,1,1,9,5/2020,9,9,9,1,9,0,7/2019
AHN79,1,,Control,9,3/2017,1,0,1,0,Seimens,1.5,9,9,9,9,9,9,9,9,9,9,9,9,9,9,9,9,9,9,9,9,9,9,9,9,9,1,1,9,6/2020,9,9,9,1,9,1,3/2020
AHN80,1,,Control,1/2017,12/2016,1,1,1,0,GE Medical Systems,1.5,9,9,9,9,9,9,9,9,9,9,9,9,9,9,9,9,9,9,9,9,9,9,9,9,9,1,1,9,6/2020,9/2016,2,1,1,1,1,9
AHN81,1,"No date listed for 3 year follow-up. Is this patient lost to follow-up? In absence of definitive pathology, only patients are included with documented 3 stable years of follow-up.",Control,9,09/2016,2,0,1,9,9,9,2,3,Seimens,9,9,9,9,9,9,9,9,9,9,9,9,9,9,9,9,9,9,9,9,9,9,0,1,9,6/2020,9,9,9,1,9,1,9
AHN82,1,,Control,9,10/2016,2,0,1,9,9,9,1,1.5,Seimens,9,9,9,9,9,9,9,9,9,9,9,9,9,9,9,9,9,9,9,9,9,9,1,1,9,6/2020,9,9,9,1,9,0,11/2019