Center,Patient,Pancreas_volume_ml,Cyst_volume_ml,Panc_Cyst_volume_ml,Diagonal_mm,Panc_vol_to_Diagonal,Num_of_Cysts,Cyst_1_area_mm2,Cyst_1_major_mm,Cyst_1_minor_mm,Cyst_2_area_mm2,Cyst_2_major_mm,Cyst_2_minor_mm,Cyst_3_area_mm2,Cyst_3_major_mm,Cyst_3_minor_mm,Duct_max_mm,Loc_max,Duct_min_mm,Loc_min,_merge
Allegheny,30,,,,,,,,,,,,,,,,3.104,1,1.839,2.0,right_only
Allegheny,33,,,,,,,,,,,,,,,,2.459,1,1.747,2.0,right_only
Allegheny,36,,,,,,,,,,,,,,,,2.902,2,1.4,2.0,right_only
Allegheny,37,,,,,,,,,,,,,,,,2.403,3,2.245,3.0,right_only
Allegheny,38,,,,,,,,,,,,,,,,3.01,1,2.362,2.0,right_only
Allegheny,39,,,,,,,,,,,,,,,,2.229,1,1.685,2.0,right_only
Mayo Florida CDA,14,,,,,,,,,,,,,,,,2.237,3,1.859,1.0,right_only
Mayo Florida CDA,3,,,,,,,,,,,,,,,,4.119,3,1.642,3.0,right_only
Mayo Florida CDA,102,,,,,,,,,,,,,,,,2.873,3,1.567,2.0,right_only
Mayo Florida CDA,107,,,,,,,,,,,,,,,,3.474,3,1.679,3.0,right_only
Mayo Florida CDA,110,,,,,,,,,,,,,,,,2.451,1,1.219,3.0,right_only
Mayo Florida CDA,113,,,,,,,,,,,,,,,,4.046,1,1.556,3.0,right_only
Mayo Florida CDA,119,,,,,,,,,,,,,,,,3.01,2,1.869,2.0,right_only
Mayo Florida CDA,120,,,,,,,,,,,,,,,,2.827,3,1.349,1.0,right_only
Mayo Florida CDA,127,,,,,,,,,,,,,,,,2.113,3,1.5,3.0,right_only
Mayo Florida CDA,128,,,,,,,,,,,,,,,,4.876,3,1.705,2.0,right_only
Mayo Florida CDA,130,,,,,,,,,,,,,,,,1.75,3,1.558,3.0,right_only
Mayo Florida CDA,133,,,,,,,,,,,,,,,,2.918,1,2.117,3.0,right_only
Mayo Florida CDA,134,,,,,,,,,,,,,,,,4.012,1,1.244,3.0,right_only
Mayo Florida CDA,135,,,,,,,,,,,,,,,,6.613,1,1.578,2.0,right_only
Mayo Florida CDA,137,,,,,,,,,,,,,,,,2.921,1,1.364,3.0,right_only
Mayo Florida CDA,163,,,,,,,,,,,,,,,,2.467,3,1.803,3.0,right_only
Mayo Florida CDA,175,,,,,,,,,,,,,,,,4.655,1,1.895,2.0,right_only
Mayo Florida CDA,176,,,,,,,,,,,,,,,,3.074,3,2.266,2.0,right_only
Mayo Florida CDA,202,,,,,,,,,,,,,,,,2.327,1,1.327,1.0,right_only
Mayo Florida CDA,217,,,,,,,,,,,,,,,,2.192,1,1.401,3.0,right_only
Mayo Florida CDA,262,,,,,,,,,,,,,,,,2.065,3,1.311,1.0,right_only
Mayo Florida CDA,28,,,,,,,,,,,,,,,,2.06,1,1.845,3.0,right_only
Mayo Florida CDA,31,,,,,,,,,,,,,,,,3.118,3,1.855,2.0,right_only
Mayo Florida CDA,33,,,,,,,,,,,,,,,,2.159,3,1.58,3.0,right_only
Mayo Florida CDA,34,,,,,,,,,,,,,,,,2.914,1,1.85,3.0,right_only
Mayo Florida CDA,36,,,,,,,,,,,,,,,,2.73,3,1.739,2.0,right_only
Mayo Florida CDA,39,,,,,,,,,,,,,,,,1.442,3,1.048,3.0,right_only
Mayo Florida CDA,40,,,,,,,,,,,,,,,,1.842,3,9.357,2.0,right_only
Mayo Florida CDA,41,,,,,,,,,,,,,,,,2.092,1,1.677,2.0,right_only
Mayo Florida CDA,43,,,,,,,,,,,,,,,,3.626,1,9.282,2.0,right_only
Mayo Florida CDA,44,,,,,,,,,,,,,,,,2.288,3,1.317,2.0,right_only
Mayo Florida CDA,49,,,,,,,,,,,,,,,,2.706,1,1.424,3.0,right_only
Mayo Florida CDA,53,,,,,,,,,,,,,,,,3.801,1,1.854,3.0,right_only
Mayo Florida CDA,55,,,,,,,,,,,,,,,,2.935,3,1.872,2.0,right_only
Mayo Florida CDA,58,,,,,,,,,,,,,,,,2.445,3,1.434,2.0,right_only
Mayo Florida CDA,60,,,,,,,,,,,,,,,,2.53,1,1.414,3.0,right_only
Mayo Florida CDA,62,,,,,,,,,,,,,,,,3.74,1,1.645,3.0,right_only
Mayo Florida CDA,63,,,,,,,,,,,,,,,,3.014,3,2.539,3.0,right_only
Mayo Florida CDA,68,,,,,,,,,,,,,,,,2.388,3,1.535,3.0,right_only
Mayo Florida CDA,81,,,,,,,,,,,,,,,,1.712,3,1.627,1.0,right_only
Mayo Florida CDA,84,,,,,,,,,,,,,,,,4.308,1,1.912,2.0,right_only
Mayo Florida CDA,86,,,,,,,,,,,,,,,,2.212,3,1.739,3.0,right_only
Mayo Florida CDA,88,,,,,,,,,,,,,,,,2.292,2,1.342,2.0,right_only
Mayo Florida CDA,93,,,,,,,,,,,,,,,,2.627,3,1.966,3.0,right_only
Mayo Florida CDA,95,,,,,,,,,,,,,,,,2.061,3,1.661,3.0,right_only
Mayo Florida CDA,96,,,,,,,,,,,,,,,,1.894,1,1.469,1.0,right_only
Mayo Arizona,5,,,,,,,,,,,,,,,,2.637,3,2.063,2.0,right_only
Mayo Arizona,10,,,,,,,,,,,,,,,,2.375,1,1.289,3.0,right_only
Mayo Arizona,124,,,,,,,,,,,,,,,,2.396,3,1.302,3.0,right_only
Mayo Arizona,138,,,,,,,,,,,,,,,,8.576,3,1.549,2.0,right_only
Mayo Arizona,24,,,,,,,,,,,,,,,,2.175,3,1.047,3.0,right_only
Mayo Arizona,30,,,,,,,,,,,,,,,,2.333,1,1.743,2.0,right_only
Mayo Arizona,40,,,,,,,,,,,,,,,,2.362,3,1.67,3.0,right_only
Mayo Florida MCF,3,,,,,,,,,,,,,,,,2.503,3,1.109,3.0,right_only
Mayo Florida MCF,12,,,,,,,,,,,,,,,,2.288,3,1.998,3.0,right_only
Mayo Florida MCF,14,,,,,,,,,,,,,,,,2.858,3,1.95,3.0,right_only
Mayo Florida MCF,28,,,,,,,,,,,,,,,,2.414,2,1.701,1.0,right_only
Mayo Florida MCF,38,,,,,,,,,,,,,,,,9.644,3,2.537,1.0,right_only
NYU,9,,,,,,,,,,,,,,,,1.97,3,1.405,3.0,right_only
NYU,38,,,,,,,,,,,,,,,,2.331,1,1.539,3.0,right_only
NYU,45,,,,,,,,,,,,,,,,2.854,1,1.307,2.0,right_only
NYU,7,,,,,,,,,,,,,,,,2.379,3,1.419,3.0,right_only
NYU,76,,,,,,,,,,,,,,,,3.683,1,1.434,2.0,right_only
NYU,79,,,,,,,,,,,,,,,,2.301,3,1.54,2.0,right_only
NYU,83,,,,,,,,,,,,,,,,2.197,2,1.671,3.0,right_only
NYU,86,,,,,,,,,,,,,,,,2.079,1,1.55,1.0,right_only
NYU,89,,,,,,,,,,,,,,,,2.783,2,1.801,3.0,right_only
NYU,93,,,,,,,,,,,,,,,,1.969,3,1.534,3.0,right_only
NYU,108,,,,,,,,,,,,,,,,1.862,3,1.33,3.0,right_only
NYU,12,,,,,,,,,,,,,,,,2.027,3,1.786,3.0,right_only
NYU,125,,,,,,,,,,,,,,,,2.698,1,1.129,2.0,right_only
NYU,139,,,,,,,,,,,,,,,,2.679,1,1.746,3.0,right_only
NYU,141,,,,,,,,,,,,,,,,2.605,3,1.502,3.0,right_only
NYU,146,,,,,,,,,,,,,,,,2.023,3,1.32,2.0,right_only
NYU,16,,,,,,,,,,,,,,,,1.793,3,1.452,3.0,right_only
NYU,169,,,,,,,,,,,,,,,,2.719,3,1.48,1.0,right_only
NYU,72,,,,,,,,,,,,,,,,1.993,3,1.136,3.0,right_only
