Center,Patient,Pancreas_volume_ml,Cyst_volume_ml,Panc_Cyst_volume_ml,Diagonal_mm,Panc_vol_to_Diagonal,Num_of_Cysts,Cyst_1_vol_ml,Cyst_1_major_mm,Cyst_1_minor_mm,Cyst_2_vol_ml,Cyst_2_major_mm,Cyst_2_minor_mm,Cyst_3_vol_ml,Cyst_3_major_mm,Cyst_3_minor_mm,Duct_max_mm,Loc_max,Duct_min_mm,Loc_min,_merge
Allegheny,30,,,,,,,,,,,,,,,,3.104,1,1.839,2.0,right_only
Allegheny,33,,,,,,,,,,,,,,,,2.459,1,1.747,2.0,right_only
Allegheny,36,,,,,,,,,,,,,,,,2.902,2,1.4,2.0,right_only
Allegheny,37,,,,,,,,,,,,,,,,2.403,3,2.245,3.0,right_only
Allegheny,38,,,,,,,,,,,,,,,,3.01,1,2.362,2.0,right_only
Allegheny,39,,,,,,,,,,,,,,,,2.229,1,1.685,2.0,right_only
Mayo Florida CAD,163,,,,,,,,,,,,,,,,2.467,3,1.803,3.0,right_only
Mayo Arizona,5,,,,,,,,,,,,,,,,2.637,3,2.063,2.0,right_only
Mayo Arizona,10,,,,,,,,,,,,,,,,2.375,1,1.289,3.0,right_only
Mayo Arizona,138,,,,,,,,,,,,,,,,8.576,3,1.549,2.0,right_only
Mayo Arizona,24,,,,,,,,,,,,,,,,2.175,3,1.047,3.0,right_only
Mayo Arizona,30,,,,,,,,,,,,,,,,2.333,1,1.743,2.0,right_only
Mayo Florida MCF,3,,,,,,,,,,,,,,,,2.503,3,1.109,3.0,right_only
Mayo Florida MCF,12,,,,,,,,,,,,,,,,2.288,3,1.998,3.0,right_only
Mayo Florida MCF,28,,,,,,,,,,,,,,,,2.414,2,1.701,1.0,right_only
Mayo Florida MCF,38,,,,,,,,,,,,,,,,9.644,3,2.537,1.0,right_only
